RT,YR,A1,T1,JF,SN,LA,DS,Final
Journal Article,2017,刘翠敏; 郭丽颖; 杨建秀; 贾建伟,贾建伟从气血论治自身免疫性肝炎验案1则,中医药导报,1672-951X,中文,CNKI,自身免疫性肝炎;气血;贾建伟
Journal Article,2012,王庆艳; 刘文全,滋水清肝饮治疗自身免疫性肝炎并干燥综合征1例,吉林中医药,1003-5699,中文,CNKI,自身免疫性肝炎;医案;干燥综合征;滋水清肝饮
Journal Article,2019,李偲; 卢秉久,卢秉久教授辨治原发性胆汁性胆管炎经验撷菁,中西医结合肝病杂志,1005-0264,中文,CNKI,自身免疫性肝病;肝硬化;原发性胆汁性胆管炎
Journal Article,2005,常廷民韩宇,复方甘草酸苷联合茵栀黄治疗原发性胆汁性肝硬化临床分析,中国药物与临床,1671-2560,中文,CNKI,治疗组;原发性胆汁性肝硬化;临床分析;复方甘草酸苷
Journal Article,2021,张燕洁;孔海霞;李悦;杜泽姗;贺俊芝;杜宏波;,原发性胆汁性胆管炎微观病机探析,天津中医药,1672-1519,中文,CNKI,肝硬化;理论探讨;胆汁性;毒损胆汁络;微观病机;卫气郁滞
Journal Article,2021,杨苏纳;陈斌;,从肝、脾、肾探讨自身免疫性肝炎中医病机理论,亚太传统医药,1673-2197,中文,CNKI,自身免疫性肝炎;肝;脾;肾
Journal Article,2021,崔延飞;桑秀秀;余思邈;苏鹏宇;王立福;孙永强;景婧;许文涛;任岳波;王仲霞;王丽苹;田淼;王睿林;,自身免疫性肝病患者中医体质分布及临床特点分析,世界科学技术-中医药现代化,1674-3849,中文,CNKI,临床特点;分布规律;相关性分析
Journal Article,2021,邹晓宁;许春;祖影;鞠莹;,益气解毒通络汤治疗自身免疫性肝病临床分析,中国中医药现代远程教育,1672-2779,中文,CNKI,胁痛;益气解毒通络汤;自身免疫性病肝病
Journal Article,2020,王静;贾建伟;袁晨翼;,贾建伟教授运用燮理阴阳法治疗自身免疫性肝炎经验,中西医结合肝病杂志,1005-0264,中文,CNKI,自身免疫性肝炎;燮理阴阳
Journal Article,2020,王克现;,柔肝补肾汤治疗原发性胆汁性肝硬化效果及对心理状况的影响,心理月刊,1673-6796,中文,CNKI,原发性胆汁性肝硬化;柔肝补肾汤;心理状况
Journal Article,2020,徐俊;戚璐;程良斌;张誉丹;许杰;楼汪洲洋;,基于中药网络药理学研究青黛防治原发性胆汁性肝硬化的成分与作用机制,中西医结合肝病杂志,1005-0264,中文,CNKI,原发性胆汁性肝硬化;青黛;中药网络药理学
Journal Article,2020,田仁靖;董云飞;赵洋;安祯祥;,中西医结合治疗桥本甲状腺炎合并β地中海贫血、自身免疫性肝炎伴肠梗阻1例,中国民间疗法,1007-5798,中文,CNKI,自身免疫性肝炎;肠梗阻;桥本甲状腺炎;β地中海贫血;Β地中海贫血
Journal Article,2021,戚璐;徐俊;许杰;楼汪洲洋;程良斌;,基于网络药理及分子对接探讨茵陈五苓散治疗原发性胆汁性胆管炎的作用机制,世界中医药,1673-7202,中文,CNKI,原发性胆汁性胆管炎;茵陈五苓散;网络药理学;原发性胆汁性肝硬化;分子对接
Journal Article,2020,幸鹭;郝娟;邢枫;赵志敏;王静;陶艳艳;刘成海;,基于数据挖掘初探自身免疫性肝病中医证候特点及用药规律分析,世界中医药,1673-7202,中文,CNKI,自身免疫性肝病;中西医治疗;用药规律;回顾性研究
Journal Article,2020,邵丽;邹勇;顾友谊;,八宝丹联合熊去氧胆酸胶囊治疗原发性胆汁性肝硬化临床观察,中国中医药现代远程教育,1672-2779,中文,CNKI,肝硬化;原发性胆汁性肝硬化;八宝丹;熊去氧胆酸胶囊;癥瘕
Journal Article,2020,黄鹏;李家焕;邱华;牙程玉;毛德文;,从肝肾阴虚论治自身免疫性肝病,湖南中医杂志,1003-7705,中文,CNKI,自身免疫性肝病;肝肾阴虚;滋肾养肝;滋阴潜阳
Journal Article,2020,魏淑芳;解海雪;宋云;牛森;温伟波;,从清消补论治自身免疫性肝病,环球中医药,1674-1749,中文,CNKI,自身免疫性肝病;补;清;消;虚实夹杂
Journal Article,2020,王景琦;,清营活血汤对PBC患者肝功能及血清IL-17、IL-6、TGF-β水平的影响,现代医学与健康研究电子杂志,2096-3718,中文,CNKI,肝功能;白介素-17;原发性胆汁性肝硬化;肝胆湿热型;白介素-6;清营活血汤;转化生长因子-β
Journal Article,2020,田海霞;刘青青;康行;田艳;樊卫平;,夏枯草缓解小鼠自身免疫性肝炎的分子机制,细胞与分子免疫学杂志,1007-8738,中文,CNKI,自身免疫性肝炎(AIH);凋亡;夏枯草;炎症因子
Journal Article,2020,李亚洲;邵彦皓;唐焕焕;董玲;孙运达;周燕园;吕良;陈毅平;,姜黄素联合二至丸对刀豆蛋白A诱导的小鼠免疫性肝炎的保护作用,时珍国医国药,1008-0805,中文,CNKI,自身免疫性肝炎;刀豆蛋白A;二至丸;姜黄素
Journal Article,2020,周希禛;张玮;黄大未;程朝霞;李刚;,“正气不足”与原发性胆汁性胆管炎关系探析,辽宁中医杂志,1000-1719,中文,CNKI,原发性胆汁性胆管炎;原发性胆汁性肝硬化;关系;正气不足
Journal Article,2020,董玲;唐焕焕;沈晓燕;李亚洲;韦京辰;陈毅平;吕良;,姜黄素联合二至丸抑制刀豆蛋白A诱导小鼠免疫性肝炎机制的研究,时珍国医国药,1008-0805,中文,CNKI,自身免疫性肝炎;刀豆蛋白A;二至丸;姜黄素
Journal Article,2020,王思宇,白芍多糖的提取工艺及其治疗自身免疫性肝炎的作用机制研究,,,中文,CNKI,自身免疫性肝炎;白芍多糖;提取工艺;作用机制
Journal Article,2020,罗常春,加味大黄蟅虫丸治疗原发性胆汁性肝硬化气虚血瘀证临床疗效观察,,,中文,CNKI,原发性胆汁性肝硬化;临床疗效;加味大黄蟅虫丸
Journal Article,2020,王宁;李京涛;刘永刚;常占杰;魏海梁;李日向;,常占杰教授三期四型辨治原发性胆汁性肝硬化的经验探析,中西医结合肝病杂志,1005-0264,中文,CNKI,经验;原发性胆汁性肝硬化;三期四型
Journal Article,2020,陈浩;郝健亨;李振城;徐慧超;高艳;苗宇船;郝慧琴;刘杨;,自身免疫性肝炎小鼠模型差异表达基因的筛查及柴胡皂苷D对部分差异表达基因表达的影响,临床肝胆病杂志,1001-5256,中文,CNKI,"肝炎;自身免疫性;柴胡皂苷-d;基因表达;近交C57BL;小鼠;肝炎,自身免疫性;柴胡皂苷-D;小鼠,近交C57BL"
Journal Article,2020,王世雷;王思颖;栗梦晓;赵文霞;,自身免疫性肝炎的中医研究进展,中医研究,1001-6910,中文,CNKI,自身免疫性肝炎
Journal Article,2020,郝健亨;陈浩;高艳;徐慧超;高玉亭;苗宇船;郝慧琴;刘杨;,柴胡皂苷d对自身免疫性肝炎小鼠差异表达基因CTLA-4、IL-10和IL-17的影响,上海交通大学学报(医学版),1674-8115,中文,CNKI,自身免疫性肝炎;柴胡皂苷-d;白介素-10;白介素-17;细胞毒T淋巴细胞相关抗原-4;柴胡皂苷-D
Journal Article,2020,王静怡;,关于自身免疫性肝病中医临床诊治研究,心理月刊,1673-6796,中文,CNKI,自身免疫性;肝病
Journal Article,2020,刘浩;,扶正化瘀胶囊对原发性胆汁性肝硬化患者肝功能与免疫功能的影响,光明中医,1003-8914,中文,CNKI,肝功能;免疫功能;胆汁性肝硬化;扶正化瘀胶囊;原发性
Journal Article,2020,黄鹏;邱华;李家焕;,中医药治疗自身免疫性肝病研究进展,河南中医,1003-5028,中文,CNKI,自身免疫性肝病;原发性胆汁性胆管炎;自身免疫性肝炎;原发性硬化性胆管炎
Journal Article,2020,王思颖;赵文霞;,中医学对自身免疫性肝炎的认识,中国中医药现代远程教育,1672-2779,中文,CNKI,自身免疫性肝炎;辨证论治;病因病机;单味药物;复方治疗;中药医治疗
Journal Article,2019,卢秉久;,中医药辨治自身免疫性肝病的优势与困境,中西医结合肝病杂志,1005-0264,中文,CNKI,自身免疫性肝病;辨治
Journal Article,2019,马光朝;胡棣;浦仕彪;,湿热蕴结型自身免疫性肝炎的代谢标志物筛选及中西医治疗研究,中西医结合肝病杂志,1005-0264,中文,CNKI,自身免疫性肝炎;代谢标志物;湿热蕴结;中西医治疗
Journal Article,2019,周希禛;黄大未;程朝霞;李刚;张玮;,张玮教授治疗原发性胆汁性胆管炎经验,中国中医急症,1004-745X,中文,CNKI,原发性胆汁性胆管炎;名医经验;原发性胆汁性肝硬化;张玮
Journal Article,2019,王笑;,原发性胆汁性肝硬化中医辨证分型与病理特点的关系,中国现代医生,1673-9701,中文,CNKI,相关性;原发性胆汁性肝硬化;病理特点;病理诊断
Journal Article,2020,王翔鹏;武璐璐;李丽丽;谢燕妮;熊茂来;王凤杰;向阳;,枫杨醇提物对刀豆蛋白A诱导的免疫性肝损伤的保护作用,西安交通大学学报(医学版),1671-8259,中文,CNKI,自身免疫性肝炎;刀豆蛋白A;枫杨;肝损伤;炎症
Journal Article,2019,杨天笑;袁宗洋;王晓梅;王彦刚;,浅析王彦刚教授从肝肾阴虚治疗自身免疫性肝炎经验,河北中医药学报,1007-5615,中文,CNKI,自身免疫性肝炎;肝肾阴虚;黄疸;湿浊内蕴;王彦刚;胁痛;虚劳;瘀血阻滞
Journal Article,2019,董彬;,观察柔肝补肾汤治疗原发性胆汁性肝硬化的临床价值,世界最新医学信息文摘,1671-3141,中文,CNKI,原发性胆汁性肝硬化;效果;柔肝补肾汤
Journal Article,2019,徐璐一;党中勤;刘思萌;潘会珍;,党中勤教授从肝脾相关论治自身免疫性肝炎经验,中医临床研究,1674-7860,中文,CNKI,自身免疫性肝炎;党中勤教授;肝脾相关;经验;疏肝化瘀方;The Shugan Huayu prescription(疏肝化瘀方)
Journal Article,2019,田秋红;刘维;,自身免疫性肝炎中西医临床研究进展,辽宁中医药大学学报,1673-842X,中文,CNKI,自身免疫性肝炎;病机;治疗;病因;中西医
Journal Article,2019,雷超芳;翟昌明;刘姝伶;马重阳;程发峰;王雪茜;王庆国;,运用附子治疗自身免疫性肝炎验案一则,环球中医药,1674-1749,中文,CNKI,自身免疫性肝炎;附子;临床思辨;湿热邪毒;验案
Journal Article,2019,钟启华;王融冰;李斌;王宪波;周桂琴;,247例自身免疫性肝炎患者中医体质分布及衍变规律分析研究,北京中医药,1674-1307,中文,CNKI,自身免疫性肝炎;分布;衍变
Journal Article,2019,蔡朝辉;邵铭;,邵铭教授运用茵陈玉露饮治疗肝病经验,天津中医药大学学报,1673-9043,中文,CNKI,原发性胆汁性胆管炎;自身免疫性肝炎;邵铭教授;茵陈玉露饮
Journal Article,2019,吴宗文;,自身免疫性肝病中医临床诊治研究,内蒙古中医药,1006-0979,中文,CNKI,自身免疫性肝病;辨证分型
Journal Article,2019,杜宏波;王菲;李小科;王融冰;王宪波;江宇泳;,原发性胆汁性肝硬化与慢性乙型病毒性肝炎文献证素比较研究,山东中医药大学学报,1007-659X,中文,CNKI,文献研究;原发性胆汁性肝硬化;慢性乙型病毒性肝炎;证素
Journal Article,2019,雷强;,中医辨证治疗自身免疫性肝炎对患者肝功能及免疫功能的影响,饮食科学,1008-9489,中文,CNKI,自身免疫性肝炎;肝功能;免疫功能
Journal Article,2019,南然;焦俊喆;,滋木丹颗粒联合熊去氧胆酸胶囊治疗原发性胆汁性肝硬化肝肾阴虚证20例,陕西中医药大学学报,2096-1340,中文,CNKI,临床研究;肝肾阴虚证;原发性胆汁性肝硬化;熊去氧胆酸胶囊;滋木丹颗粒
Journal Article,2019,杨玉雪,三草颗粒对Con A诱导的小鼠急性免疫性肝损伤的作用及机制研究,,,中文,CNKI,自身免疫性肝炎;急性免疫性肝损伤;三草颗粒;细胞凋亡;NKT细胞
Journal Article,2019,谢翠燕;辛伟;,辛伟治疗自身免疫性肝炎经验,中西医结合肝病杂志,1005-0264,中文,CNKI,自身免疫性肝炎;病因病机;炒二芽;肝脾失调;肝血不足;活血化瘀;两目干涩;免疫性肝炎;气血不和;疏肝健脾;随症加减;治疗;抗体阳性;肝功能衰竭;病毒性肝病;免疫球蛋白G;中国人群;自身免疫反应
Journal Article,2019,王永成;,中医辨证治疗自身免疫性肝炎对患者肝功能及免疫功能的影响,饮食科学,1008-9489,中文,CNKI,自身免疫性肝炎;肝功能;免疫功能
Journal Article,2019,陈意;吴珍珠;阮冰;,中西医结合治疗自身免疫性肝炎疗效的Meta分析,浙江中西医结合杂志,1005-4561,中文,CNKI,自身免疫性肝炎;中西医结合;随机对照试验;Meta分析
Journal Article,2019,沈含章;张乐;,自身免疫性肝炎及其中西医结合治疗的研究进展,上海医药,1006-1533,中文,CNKI,自身免疫性肝炎;中西医结合;治疗
Journal Article,2019,刘全忠;闫乐;赵文霞;,茵芍二黄汤治疗原发性胆汁性胆管炎及对Treg/TGF-β轴调节的初步研究,中西医结合肝病杂志,1005-0264,中文,CNKI,原发性胆汁性肝硬化;牛磺熊去氧胆酸胶囊;茵芍二黄汤;Treg/TGF-β轴
Journal Article,2019,程良斌;严骏松;周金辉;,黛矾散对原发性胆汁性胆管炎小鼠肝细胞膜多重药物抗性相关蛋白2的影响,中西医结合肝病杂志,1005-0264,中文,CNKI,原发性胆汁性肝硬化;黛矾散;多重药物抗性相关蛋白2;聚肌胞苷酸
Journal Article,2019,张艳青;魏敏惠;,中西医结合治疗Ⅰ型自身免疫性肝炎的有效性分析,家庭医药.就医选药,1671-4954,中文,CNKI,中西医结合;有效性;Ⅰ型自身免疫性肝炎
Journal Article,2018,丁齐又;王翼天;杨映映;仝小林;张寅;,基于脏腑风湿理论论治自身免疫性肝病,北京中医药,1674-1307,中文,CNKI,自身免疫性肝病;临床经验;仝小林;脏腑风湿
Journal Article,2018,刘晔;车念聪;田甜;魏晓艺;张哲滔;,原发性胆汁性肝硬化中医证治探讨,北京中医药,1674-1307,中文,CNKI,肝硬化;体用同调;诊疗思路
Journal Article,2018,陈秀清;曹海芳;,利胆祛湿方对肝胆湿热型原发性胆汁性肝硬化患者外周血T细胞亚群的调节作用,四川中医,1000-3649,中文,CNKI,T淋巴细胞;肝胆湿热;胆汁性肝硬化;利胆祛湿方
Journal Article,2018,姜小艳;唐海鸿;魏春山;童光东;周大桥;黄彬;,软肝汤联合熊去氧胆酸治疗原发性胆汁性胆管炎31例,现代中医药,1672-0571,中文,CNKI,原发性胆汁性胆管炎;中药;软肝汤;熊去氧胆酸
Journal Article,2018,陈媛媛;,从“肝主疏泄”论原发性胆汁性肝硬化的临床特点,世界最新医学信息文摘,1671-3141,中文,CNKI,临床特点;胆汁性;肝主疏泄;理论;疏肝利胆
Journal Article,2018,彭求贤;赖冬妮;翁建霖;,efa~②对Con-A诱导的小鼠肝脏损伤模型的保护作用研究,湖南中医杂志,1003-7705,中文,CNKI,自身免疫性肝炎;实验研究;小鼠;刀豆蛋白
Journal Article,2018,严鸣光;钟芳芳;郭建军;殷卫兵;,白芍总苷对自身免疫性肝炎大鼠免疫调节机制的研究,中华生物医学工程杂志,1674-1927,中文,CNKI,自身免疫性肝炎;白芍总苷;大鼠;免疫调节
Journal Article,2018,刘扬河;龙登毅;陈建军;,清营活血汤治疗原发性胆汁性肝硬化肝胆湿热型的疗效及对外周血Th17/Treg平衡的影响,现代中西医结合杂志,1008-8849,中文,CNKI,疗效;原发性胆汁性肝硬化
Journal Article,2018,孙菁;王世卉;,白藜芦醇对刀豆素A诱导小鼠自身免疫性肝炎的保护作用,贵州医科大学学报,1000-2707,中文,CNKI,自身免疫性肝炎;凋亡;白藜芦醇;刀豆素A;炎性因子
Journal Article,2018,李鋆;郑鸣;,疏肝利胆汤对原发性胆汁性肝硬化患者血清免疫学指标的影响,中外医学研究,1674-6805,中文,CNKI,原发性胆汁性肝硬化;疏肝利胆汤;血清免疫学指标
Journal Article,2018,唐焕焕,姜黄素与二至丸联用对刀豆蛋白A诱导小鼠免疫性肝炎的保护作用,,,中文,CNKI,自身免疫性肝炎;刀豆蛋白A;二至丸;姜黄素
Journal Article,2018,徐燕,基于数据挖掘和复杂网络对原发性胆汁性肝硬化中药用药规律的研究,,,中文,CNKI,数据挖掘;原发性胆汁性肝硬化;复杂网络;中药用药规律
Journal Article,2018,薛海岩,青甘二仙汤治疗1型自身免疫性肝炎肝肾阴虚证的临床研究,,,中文,CNKI,自身免疫性肝炎;肝肾阴虚;青甘二仙汤
Journal Article,2018,付修文;邓志红;,原发性胆汁性肝硬化患者对黄芪当归同时过敏1例,继续医学教育,1004-6763,中文,CNKI,黄芪;案例;当归;过敏反应
Journal Article,2018,郑玥琪;陈建杰;陈逸云;时桢;徐黎;,原发性胆汁性胆管炎中医证型与证素分布特点文献分析,临床肝胆病杂志,1001-5256,中文,CNKI,原发性胆汁性胆管炎;证候
Journal Article,2018,孙达志;麻友兵;,疏肝活血方对肝郁脾虚型原发性胆汁性肝硬化患者Th17/Treg细胞的调节作用,四川中医,1000-3649,中文,CNKI,肝郁脾虚;胆汁性肝硬化;疏肝活血方
Journal Article,2018,唐海鸿,通胆汤对PBC患者长期队列及90K/Mac-2BP表达的研究,,,中文,CNKI,原发性胆汁性胆管炎;巨噬细胞-2结合蛋白;通胆汤
Journal Article,2018,徐宁宁,疏肝健脾汤治疗1型自身免疫性肝炎肝郁脾虚证的临床研究,,,中文,CNKI,自身免疫性肝炎;肝郁脾虚证;临床研究;疏肝健脾汤
Journal Article,2018,乔银银;施卫兵;,活血化瘀法治疗原发性胆汁性肝硬化探讨,亚太传统医药,1673-2197,中文,CNKI,原发性胆汁性肝硬化;活血化瘀法;血瘀证
Journal Article,2018,薛建华;吴香香;成扬;杜秀萍;陈建杰;,陈建杰教授滋肾柔肝法治疗自身免疫性肝炎经验,世界中西医结合杂志,1673-6613,中文,CNKI,自身免疫性肝炎;陈建杰;滋肾柔肝法
Journal Article,2018,张英泽;杨舒;孔维萍;阎小萍;,干燥综合征合并原发性胆汁性肝硬化继发肺间质病变诊治1例,现代中医临床,2095-6606,中文,CNKI,干燥综合征;原发性胆汁性肝硬化;肺间质病变;燥痹
Journal Article,2018,蓝常青;,原发性胆汁性肝硬化30例中医治疗效果观察,中国实用医刊,1674-4756,中文,CNKI,原发性胆汁性肝硬化;临床症状
Journal Article,2017,刘翠敏;郭丽颖;杨建秀;贾建伟;,贾建伟从气血论治自身免疫性肝炎验案1则,中医药导报,1672-951X,中文,CNKI,自身免疫性肝炎;气血;贾建伟
Journal Article,2017,赵长普;党中勤;谢莉;袁帅强;,党中勤教授治疗自身免疫性肝炎临床经验,光明中医,1003-8914,中文,CNKI,自身免疫性肝炎;胁痛;活血化瘀;党中勤;肝脾同治
Journal Article,2017,郑玥琪;凌琪华;陈逸云;陈建杰;,陈建杰治疗原发性胆汁性肝硬化经验,山东中医杂志,0257-358X,中文,CNKI,名医经验;陈建杰;原发性胆汁性肝硬化
Journal Article,2017,和瑞来;冀爱英;,原发性胆汁性肝硬化中医诊疗进展,中医药临床杂志,1672-7134,中文,CNKI,原发性胆汁性肝硬化
Journal Article,2017,张安平;,五腧穴联合背俞穴治疗自身免疫性肝炎,世界最新医学信息文摘,1671-3141,中文,CNKI,自身免疫性肝炎;背俞穴;五腧穴;治疗
Journal Article,2017,高勤;范兴良;祝峻峰;,中医药治疗原发性胆汁性胆管炎研究进展,吉林中医药,1003-5699,中文,CNKI,原发性胆汁性胆管炎;原发性胆汁性肝硬化;熊去氧胆酸
Journal Article,2017,杜卫星;叶青;李金科;谭华炳;胡波;汪晓;,中医辨证论治原发性胆汁性肝硬化对于调节性T细胞的影响,现代中西医结合杂志,1008-8849,中文,CNKI,调节性T细胞;肝功能;原发性胆汁性肝硬化
Journal Article,2017,杨玉雪;张璐;王莹莹;周厚琴;陆小华;魏士长;赵艳玲;,基于网络药理学预测三草颗粒治疗自身免疫性肝炎的作用机制,中国医院用药评价与分析,1672-2124,中文,CNKI,自身免疫性肝炎;三草颗粒;网络药理学;作用机制预测
Journal Article,2017,王朋福;,中医辩证治疗自身免疫性肝炎的临床观察,人人健康,1004-597X,中文,CNKI,自身免疫性肝炎;临床观察
Journal Article,2017,靳小磊;,八珍汤合化积丸治疗原发性胆汁性肝硬化的临床研究,健康之路,1671-8801,中文,CNKI,胆汁性肝硬化;熊去氧胆酸;八珍汤;化积丸
Journal Article,2017,王亚红,刘铁军教授治疗原发性胆汁性肝硬化诊疗方案的研究,,,中文,CNKI,肝硬化;刘铁军教授;诊疗方案
Journal Article,2017,钱金花;魏美美;宋梦蝶;张志威;,自身免疫性肝炎的中医辨证治疗用药特点及疗效,中华中医药学刊,1673-7717,中文,CNKI,疗效;自身免疫性肝炎;用药特点
Journal Article,2017,李文新;王金光;刘晔;车念聪;杜宇琼;,自身免疫性肝病从中医络病理论辨治浅析,环球中医药,1674-1749,中文,CNKI,自身免疫性肝病;辨证分型;络病辨证
Journal Article,2017,倪瑶;刘明坤;张婷婷;王栋平;周文慧;吕文良;,吕文良教授从“调和气血”论治自身免疫性肝炎,辽宁中医药大学学报,1673-842X,中文,CNKI,自身免疫性肝炎;名医经验;调和气血;吕文良
Journal Article,2017,卢薇晖;李阳辉;,茵栀黄汤为主治疗伴有白细胞明显减少自身免疫性肝炎38例,浙江中医杂志,0411-8421,中文,CNKI,自身免疫性肝炎;临床观察;白细胞明显减少;硫唑嘌呤;茵栀黄汤
Journal Article,2017,黎胜;施梅姐;萧焕明;谢玉宝;池晓玲;,自身免疫性肝炎中医医案诊治规律数据挖掘,中医杂志,1001-1668,中文,CNKI,自身免疫性肝炎;复杂网络分析;数据挖掘;理论研究
Journal Article,2017,刘全忠;张小瑞;赵文霞;,茵芍二黄汤治疗原发性胆汁性肝硬化60例,第二十九届全国中西医结合消化系统疾病学术会议论文集,,中文,CNKI,原发性胆汁性肝硬化;牛磺熊去氧胆酸胶囊;茵芍二黄汤
Journal Article,2017,刘贝;陈碧华;,原发性胆汁性肝硬化的中医辨识及治疗进展,上海医药,1006-1533,中文,CNKI,辨证论治;原发性胆汁性肝硬化
Journal Article,2017,潘奇;屈莉红;,原发性胆汁性肝硬化中医病机分析,交通医学,1006-2440,中文,CNKI,自身免疫性肝病;原发性胆汁性肝硬化;病理机制
Journal Article,2017,马亚丽;周扬;,加味犀角地黄汤治疗原发性胆汁性肝硬化皮肤瘙痒症的临床应用体会,上海中医药杂志,1007-1334,中文,CNKI,原发性胆汁性肝硬化;瘙痒症;犀角地黄汤
Journal Article,2017,刘婷婷,"金线莲苷靶向树突状细胞与""CD8~+T""细胞的相互作用抗自身免疫性肝炎作用机制研究",,,中文,CNKI,自身免疫性肝炎;代谢;金线莲苷;免疫抑制;树突状细胞
Journal Article,2017,袁超;郝建梅;陈香妮;,柔肝补肾汤治疗原发性胆汁性肝硬化效果观察,现代中西医结合杂志,1008-8849,中文,CNKI,熊去氧胆酸胶囊;胆汁性肝硬化
Journal Article,2017,刘光伟;赵文霞;刘江凯;张岚;,健脾清化方对自身免疫性肝炎患者外周血调节性T细胞亚群的干预作用,时珍国医国药,1008-0805,中文,CNKI,自身免疫性肝炎;健脾清化方;CD4+CD28+T细胞
Journal Article,2017,杨涛莲;王绪霖;,秦艽鳖甲散治疗I型自身免疫性肝炎23例,河南中医,1003-5028,中文,CNKI,自身免疫性肝炎;肝肾阴虚证;秦艽鳖甲散
Journal Article,2017,杜宏波;江宇泳;薛亚春;王菲;宋媛媛;李尚恒;万钢;王宪波;,96例原发性胆汁性肝硬化患者中医证候调查,中医杂志,1001-1668,中文,CNKI,原发性胆汁性肝硬化;证素
Journal Article,2017,杨入,原发性胆汁性肝硬化（原发性胆汁性胆管炎）病例回顾性研究,,,中文,CNKI,原发性胆汁性胆管炎;胆汁性肝硬化;回顾分析
Journal Article,2017,白志芹;宋会颖;吴瑞卿;高冬;霍红敏;杨晶;陈蜀;,补气活血汤治疗原发性胆汁性肝硬化28例,中西医结合肝病杂志,1005-0264,中文,CNKI,原发性胆汁性肝硬化;肝脏硬度值;活血汤;治疗前后
Journal Article,2017,蓝柏钊;吴银凤;刘钢涛;刘旭东;,应用伏邪温病理论指导治疗原发性胆汁性肝硬化的思考,大众科技,1008-1151,中文,CNKI,原发性胆汁性肝硬化;伏邪温病
Journal Article,2016,集川原;王彦刚;郝新宇;,王彦刚教授中西医结合治疗原发性胆汁性肝硬化经验浅析,四川中医,1000-3649,中文,CNKI,王彦刚;经验;中西医结合疗法;原发性胆汁性肝硬化
Journal Article,2016,王颖;郑炜;马俊福;张继胜;刘小平;朱跃兰;侯秀娟;,中医药治疗自身免疫性肝炎的文献计量研究,中华中医药学刊,1673-7717,中文,CNKI,自身免疫性肝炎;文献计量研究
Journal Article,2016,陈莉莉;袁征;邵铭;,邵铭教授治疗原发性胆汁性肝硬化经验探析,四川中医,1000-3649,中文,CNKI,原发性胆汁性肝硬化;肝肾亏虚;邵铭
Journal Article,2016,陈辰;张玮;,张玮教授从气虚血瘀论治原发性胆汁性肝硬化经验,四川中医,1000-3649,中文,CNKI,原发性胆汁性肝硬化;张玮;补虚化瘀;气虚血瘀
Journal Article,2016,任会远;朱叶珊;,王国三经验治疗自身免疫性肝炎验案2则,光明中医,1003-8914,中文,CNKI,自身免疫性肝炎;黄疸;柴胡疏肝散;肝著;茵陈五苓散
Journal Article,2016,杨入;卢秉久;,卢秉久治疗原发性胆汁性肝硬化经验撷菁,中医药临床杂志,1672-7134,中文,CNKI,卢秉久;临床经验;胆汁性肝硬变
Journal Article,2016,陈宇锋;达坤林;张琳;顾尔莉;,加味芍药甘草汤治疗原发性胆汁性肝硬化临床效果观察,交通医学,1006-2440,中文,CNKI,辨证论治;原发性胆汁性肝硬化;熊去氧胆酸胶囊;加味芍药甘草汤
Journal Article,2016,刘晗;施伯安;,逍遥散联合熊去氧胆酸治疗原发性胆汁性肝硬化33例临床观察,湖南中医杂志,1003-7705,中文,CNKI,逍遥散;原发性胆汁性肝硬化;熊去氧胆酸
Journal Article,2016,浦仕彪;王伽伯;王睿林;孙颖;邹正升;罗生强;肖小河;,中医和中西医结合治疗自身免疫性肝炎的优势与挑战,中国实验方剂学杂志,1005-9903,中文,CNKI,自身免疫性肝炎;中西医结合治疗;免疫抑制剂
Journal Article,2016,任方元;李小丹;,中西医结合治疗I型自身免疫性肝炎患者临床疗效研究,实用肝脏病杂志,1672-5069,中文,CNKI,疗效;自身免疫性肝炎;中西医结合
Journal Article,2016,喻亚南;王仙梅;郝建梅;,杨震教授从“肝体阴用阳”论治原发性胆汁性肝硬化经验,中西医结合心血管病电子杂志,2095-6681,中文,CNKI,原发性胆汁性肝硬化;肝体阴用阳;杨震
Journal Article,2016,刘全忠;李素领;郝尧坤;,化湿润燥活血养正法治疗原发性胆汁性肝硬化25例,中西医结合肝病杂志,1005-0264,中文,CNKI,原发性胆汁性肝硬化
Journal Article,2016,吴素琼;石斌豪;贾建伟;,从失眠论治自身免疫性肝炎1例,亚太传统医药,1673-2197,中文,CNKI,自身免疫性肝炎;失眠;栀子豉汤
Journal Article,2016,范兴良;祝峻峰;王灵台;,王灵台论治原发性胆汁性肝硬化(胆管炎)经验,上海中医药杂志,1007-1334,中文,CNKI,名医经验;免疫性肝病;原发性胆汁性肝硬化(胆管炎)
Journal Article,2016,刘全忠;李素领;梁浩卫;,祛湿活血退黄散治疗原发性胆汁性肝硬化患者60例临床观察,中医临床研究,1674-7860,中文,CNKI,原发性胆汁性肝硬化;熊去氧胆酸胶囊;祛湿活血退黄散
Journal Article,2016,甘霞;赵新芳;杨百京;,小柴胡汤加减治疗肝郁脾虚型自身免疫性肝炎的临床疗效分析,中国医药指南,1671-8194,中文,CNKI,小柴胡汤;肝郁脾虚型;自生免疫性肝病
Journal Article,2016,王亚红;吉兴旺;,刘铁军教授治疗原发性胆汁性肝硬化的经验,中国中医药现代远程教育,1672-2779,中文,CNKI,名医经验;原发性胆汁性肝硬化;用药规律;臌胀;刘铁军
Journal Article,2016,任朦;郑亚江;祝峻峰;,原发性胆汁性肝硬化中医辨证分型,吉林中医药,1003-5699,中文,CNKI,病因病机;原发性胆汁性肝硬化;辨证分型;气血津液辨证;脏腑辨证
Journal Article,2016,张红星;刘旭东;,中西医结合治疗自身免疫性肝炎30例观察,实用中医药杂志,1004-2814,中文,CNKI,自身免疫性肝炎;中西医结合;对照治疗观察
Journal Article,2016,许树才;,清营活血汤治疗中年女性中、晚期原发性胆汁性肝硬化56例,环球中医药,1674-1749,中文,CNKI,调节性T细胞;原发性胆汁性肝硬化;清营活血汤
Journal Article,2016,甘霞;赵新芳;林红;周云;,清营活血汤对原发性胆汁性肝硬化肝胆湿热型的疗效以及对外周血Th17/Treg平衡的影响,中国实验方剂学杂志,1005-9903,中文,CNKI,调节性T细胞;原发性胆汁性肝硬化;肝胆湿热证;清营活血汤;辅助性T细胞17
Journal Article,2016,崔璀;杨艳婷;张志勇;,中医药治疗原发性胆汁性肝硬化简况,实用中医内科杂志,1671-7813,中文,CNKI,肝肾阴虚;黄疸;虚劳;肝郁脾虚;原发性胆汁性肝硬化;湿热蕴结;臌胀;胆失疏泄;肝失条达;积聚;脾肾阳虚;脾胃气虚;脾阳不振;湿热瘀血;湿滞血瘀
Journal Article,2016,孟艳平,引火补土法联合熊去氧胆酸胶囊治疗原发性胆汁性肝硬化临床观察,,,中文,CNKI,原发性胆汁性肝硬化;熊去氧胆酸胶囊;疗效观察;引火补土法
Journal Article,2016,谢函君;叶志伟;,温肾补肝法治疗自身免疫性肝炎26例临床观察,中国中西医结合消化杂志,1671-038X,中文,CNKI,自身免疫性肝炎;临床观察
Journal Article,2016,刘全忠;梁浩卫;,健脾利水止痒方加减治疗原发性胆汁性肝硬化患者32例观察,中医临床研究,1674-7860,中文,CNKI,临床观察;原发性胆汁性肝硬化;健脾利水止痒方
Journal Article,2016,谈婉月,金线莲苷治疗自身免疫性肝炎的作用和分子机制研究,,,中文,CNKI,自身免疫性肝炎;金线莲苷;免疫抑制;DC细胞;T淋巴细胞
Journal Article,2016,钟启华,自身免疫性肝炎的中医体质分析及APRI与FIB-4对肝纤维化的诊断价值,,,中文,CNKI,自身免疫性肝炎;肝纤维化
Journal Article,2016,刘广正,益气解毒通络法治疗自身免疫性肝病的临床研究,,,中文,CNKI,自身免疫性肝病;中药;疗效评价;益气解毒通络
Journal Article,2016,马燕;庄小芳;,原发性胆汁性肝硬化的中医证候研究,中国中药杂志2015/专集：基层医疗机构从业人员科技论文写作培训会议论文集,,中文,CNKI,辨证分型
Journal Article,2016,胡青海;,中西医结合治疗自身免疫性肝炎的临床效果观察,中国医药指南,1671-8194,中文,CNKI,自身免疫性肝炎;中西医结合;效果
Journal Article,2016,黎胜,基于循证医学中医诊治自身免疫性肝炎的临床证据分析研究,,,中文,CNKI,自身免疫性肝炎;德尔菲法;循证医学
Journal Article,2016,刘燕燕,自身免疫性肝炎中医证型与客观指标的相关性研究,,,中文,CNKI,自身免疫性肝炎;相关性;客观指标
Journal Article,2016,郑涛,化肝通络方对大鼠活化的肝星状细胞增殖的影响及其作用机制研究,,,中文,CNKI,原发性胆汁性肝硬化;肝星状细胞;化肝通络方;TGF-β/smad信号通路
Journal Article,2016,池晓玲;黎胜;萧焕明;张朝臻;刘燕燕;魏泽辉;王嘉豪;刘乐鑫;,69例自身免疫性肝炎患者中医体质特点分析,中医杂志,1001-1668,中文,CNKI,自身免疫性肝炎
Journal Article,2016,李晓媛;崔莉红;,经方治疗原发性硬化性胆管炎验案1则,湖南中医杂志,1003-7705,中文,CNKI,原发性硬化性胆管炎;验案;经方
Journal Article,2016,郭晓霞;李良学;武玉鹏;贾力莉;刘改萍;白崇智;,调肝理脾方对原发性胆汁性肝硬化小鼠调节性T细胞及肝组织病理的影响,中医杂志,1001-1668,中文,CNKI,调节性T细胞;原发性胆汁性肝硬化;调肝理脾方;肝组织病理;细胞角蛋白19
Journal Article,2015,童瑞敏;,张俊富主任医师治疗自身免疫性肝病经验举隅,中国民族民间医药,1007-8517,中文,CNKI,自身免疫性肝病;张俊富;治疗经验
Journal Article,2015,徐莹;慕永平;刘平;,刘平治疗原发性胆汁性肝硬化经验撷英,上海中医药杂志,1007-1334,中文,CNKI,名医经验;原发性胆汁性肝硬化;精气亏损;清热祛瘀;形质损伤;益气养阴
Journal Article,2015,潘凯;陶艳艳;刘成海;,中药治疗自身免疫性肝炎的实验研究进展,中华中医药杂志,1673-1727,中文,CNKI,自身免疫性肝炎;中药;实验研究
Journal Article,2015,刘桂芳;,益气解毒通络方治疗原发性胆汁性肝硬化的临床研究,世界最新医学信息文摘,1671-3141,中文,CNKI,临床研究;原发性胆汁性肝硬化;分析;益气解毒通络方
Journal Article,2015,林立;俞晓芳;陈国良;,七味化纤汤联合熊去氧胆酸治疗Ⅱ、Ⅲ期脾虚血瘀型原发性胆汁性肝硬化的临床观察,中医药通报,1671-2749,中文,CNKI,肝功能;原发性胆汁性肝硬化;熊去氧胆酸;七味化纤汤;血清免疫抗体;体肝功能;血清免疫抗
Journal Article,2015,杨将领;张美珠;张斌;,74例原发性胆汁性肝硬化患者中医证型及临床特征分析,中西医结合肝病杂志,1005-0264,中文,CNKI,原发性胆汁性肝硬化;临床特征
Journal Article,2015,池晓玲;黎胜;张朝臻;刘燕燕;魏泽辉;王嘉豪;刘乐鑫;,自身免疫性肝炎患者中医体质特点分析,第二十四次全国中西医结合肝病学术会议论文汇编,,中文,CNKI,自身免疫性肝炎
Journal Article,2015,徐莹;刘平;慕永平;,刘平教授治疗原发性胆汁性肝硬化经验总结,第二十四次全国中西医结合肝病学术会议论文汇编,,中文,CNKI,原发性胆汁性肝硬化;刘平
Journal Article,2015,车军勇;郭海燕;陈广梅;,浅谈虚和瘀在原发性胆汁性肝硬化病因病机中的作用,内蒙古中医药,1006-0979,中文,CNKI,病因病机;原发性胆汁性肝硬化;本虚标实;虚;瘀
Journal Article,2015,刘洋;李贺薇;,谢晶日教授以“肝脾论”治疗自身免疫性肝炎探析,国医论坛,1002-1078,中文,CNKI,自身免疫性肝炎;名医经验;“肝脾论”;谢晶日
Journal Article,2015,孔祥璐;郭晓霞;,中药联合熊去氧胆酸胶囊治疗原发性胆汁性肝硬化疗效系统评价,实用肝脏病杂志,1672-5069,中文,CNKI,中药;原发性胆汁性肝硬化;系统评价;熊去氧胆酸
Journal Article,2015,刘麟;王宪波;,王宪波教授诊治自身免疫性肝炎思路和经验,中西医结合肝病杂志,1005-0264,中文,CNKI,自身免疫性肝炎;中西医结合;辨证论治;名医经验传承;王宪波
Journal Article,2015,饶玢;,中医药治疗自身免疫性肝病研究进展,亚太传统医药,1673-2197,中文,CNKI,自身免疫性肝病
Journal Article,2015,李良学;郭晓霞;,原发性胆汁性肝硬化中医药的研究进展,医学综述,1006-2084,中文,CNKI,自身免疫;原发性胆汁性肝硬化
Journal Article,2015,陈永辉,自拟陷胸三金汤治疗原发性胆汁性肝硬化疗效观察,,,中文,CNKI,疗效;胆汁性肝硬化;自拟中药组方
Journal Article,2015,李良学,原发性胆汁性肝硬化中医证候特点和调肝理脾方作用机理研究,,,中文,CNKI,原发性胆汁性肝硬化;调肝理脾方;多元统计方法;作用机理
Journal Article,2015,王宁,益气解毒通络法治疗原发性胆汁性肝硬化的疗效观察,,,中文,CNKI,原发性胆汁性肝硬化;疗效评价;益气解毒通络
Journal Article,2015,刘文莉;,原发性胆汁性肝硬化中医证型分布规律研究,中国卫生标准管理,1674-9316,中文,CNKI,胆汁性肝硬化;原发性
Journal Article,2015,戴文奕;张茜;,益肝灵软胶囊联合熊去氧胆酸治疗原发性胆汁性肝硬化,中药药理与临床,1001-859X,中文,CNKI,原发性胆汁性肝硬化;熊去氧胆酸;益肝灵软胶囊
Journal Article,2016,曾建宗,金实教授肝病诊治经验探析,,,中文,CNKI,自身免疫性肝炎;病毒性肝炎;肝硬化;金实教授
Journal Article,2015,曾雅军,自身免疫性肝炎的中医古籍文献研究,,,中文,CNKI,自身免疫性肝炎;古籍文献;中华医典
Journal Article,2015,李忠意,化肝通络方对原发性胆汁性肝硬化小鼠模型的药效学研究,,,中文,CNKI,治疗;原发性胆汁性肝硬化;熊去氧胆酸;化肝通络方
Journal Article,2015,刘本勇;陈绍瑜;李丹;冯兴华;,冯兴华治疗原发性胆汁性肝硬化经验,中医杂志,1001-1668,中文,CNKI,名医经验;原发性胆汁性肝硬化;冯兴华
Journal Article,2015,郭涛;,中医中药辩证施治在原发性胆汁性肝硬化治疗中的应用,临床医药文献电子杂志,2095-8242,中文,CNKI,原发性胆汁性肝硬化;辩证施治
Journal Article,2015,李方仁,逍遥散合桃红四物汤加味治疗气滞血瘀型自身免疫性肝炎的临床研究,,,中文,CNKI,自身免疫性肝炎;临床治疗;气滞血瘀证;逍遥散合桃红四物汤加味
Journal Article,2015,郭晓霞;李良学;武玉鹏;刘改萍;冯玛莉;么新英;,调肝理脾方干预原发性胆汁性肝硬化小鼠肝损伤的组织学观察,中西医结合肝病杂志,1005-0264,中文,CNKI,原发性胆汁性肝硬化;调肝理脾方;肝组织损伤;形态学观察
Journal Article,2015,吴坚芳;许邹华;,原发性胆汁性肝硬化的中医诊治,中国民间疗法,1007-5798,中文,CNKI,原发性胆汁性肝硬化;慢性胆汁淤积性肝病;原因不明;发病率;门静脉;致纤维化;中年女性
Journal Article,2015,张晓琳;孙建光;,自身免疫性肝炎的中医辨证论治,中国中医药现代远程教育,1672-2779,中文,CNKI,自身免疫性肝炎;辨证论治;病因病机
Journal Article,2015,朱常江;吴镇印;叶映月;,中西医结合治疗自身免疫性肝炎的临床观察,中国中医急症,1004-745X,中文,CNKI,自身免疫性肝炎;肝功能;免疫球蛋白
Journal Article,2015,李有成;严文有;李鹏;,疏肝化瘀通络汤治疗原发性硬化性胆管炎48例疗效观察,西部中医药,1004-6852,中文,CNKI,原发性硬化性胆管炎;C反应蛋白;碱性磷酸酶;结合胆红素;γ谷氨酰转移酶;Γ谷氨酰转移酶
Journal Article,2014,李双全;林莉;任树萍;,自身免疫性肝病中医发病机制的风邪作用探讨,世界中西医结合杂志,1673-6613,中文,CNKI,黄疸;自身免疫;风药;肝病;风邪
Journal Article,2015,刘颖;董振华;,董振华教授治疗原发性胆汁性肝硬化的经验,中国临床医生杂志,2095-8552,中文,CNKI,肝肾阴虚;肝郁脾虚;原发性胆汁性肝硬化;湿热蕴结;沉细无力;大便溏;肝功能异常;下肢水肿;瘀血阻络
Journal Article,2014,申弘;聂红明;陈建杰;,中医治疗自身免疫性肝炎临床研究进展,实用中医药杂志,1004-2814,中文,CNKI,自身免疫性肝炎;免疫性肝炎;临床研究;甘草酸二铵;肝郁脾虚;临床研究进展;卢秉久;湿热疫毒;治疗组;免疫抑制剂;肝脏疾病;免疫介导;血清转氨酶升高;组织学发生
Journal Article,2014,李忠意;田耀洲;,化肝通络方组方规律探讨,中医药学报,1002-2392,中文,CNKI,原发性胆汁性肝硬化;化肝通络方;规律探讨;郎庆阿塔
Journal Article,2014,娄静;王菲;侯留法;,顽固性黄疸治疗经验举隅,中国民族民间医药,1007-8517,中文,CNKI,原发性胆汁性肝硬化;阻塞性黄疸;顽固性黄疸;十二指肠乳头类癌;Gilbert综合征;GILBERT综合征
Journal Article,2014,何瑾瑜;杨跃青;薛敬东;,原发性胆汁性肝硬化与湿瘀互结,全国名医学术思想研究分会年会资料汇编,,中文,CNKI,原发性胆汁性肝硬化;湿瘀互结;湿瘀互结证
Journal Article,2014,边倩;解新科;胡依文;,自身免疫性肝炎中西医研究概况,四川中医,1000-3649,中文,CNKI,自身免疫性肝炎;中西医结合;治疗;概况;西医
Journal Article,2014,王洪斌;,中西医结合治疗自身免疫性肝炎的临床效果观察,中国实用医药,1673-7555,中文,CNKI,免疫性肝炎;疗效对比;中西药结合
Journal Article,2014,史文丽;刘飞飞;张晓锋;李建宇;,原发性胆汁性肝硬化的中医症候特点及疗效分析,中西医结合肝病杂志,1005-0264,中文,CNKI,原发性胆汁性肝硬化;抗线粒体抗体(AMA);豨莶二黄汤/治疗应用
Journal Article,2014,郭艳玲;,辨证治疗自身免疫性肝炎随机平行对照研究,实用中医内科杂志,1671-7813,中文,CNKI,自身免疫性肝炎;甘草酸二铵胶囊;补肾固精方;健脾疏肝方;清利湿热方;舒肝理气通补方;随机平行对照研究;茵栀黄颗粒
Journal Article,2014,董宇安;祝峻峰;,原发性胆汁性肝硬化中医临床诊治进展,辽宁中医杂志,1000-1719,中文,CNKI,黄疸;原发性胆汁性肝硬化
Journal Article,2014,高丽英;马萍;贾建伟;,贾建伟诊治自身免疫性肝炎经验,中国中医基础医学杂志,1006-3250,中文,CNKI,自身免疫性肝炎;经验;贾建伟
Journal Article,2014,廖娇,扶正化瘀法联合熊去氧胆酸治疗原发性胆汁性肝硬化的临床研究,,,中文,CNKI,中西医结合疗法;原发性胆汁性肝硬化;熊去氧胆酸;扶正化瘀
Journal Article,2014,王建荣,自身免疫性肝炎临床特点及中医药治疗疗效回顾分析,,,中文,CNKI,自身免疫性肝炎;重叠综合征;临床特点
Journal Article,2014,陈文林;冉云;吴其恺;杨大国;,杨大国教授治疗原发性胆汁性肝硬化验案二则,国际中医中药杂志,16734246,中文,CNKI,治疗;原发性胆汁性肝硬化;碱性磷酸酶;2009年;非化脓性;化验;慢性胆汁淤积性疾病;美国肝病学会
Journal Article,2014,胡西百合提;付强;,益肝降酶汤治疗肝功能损害80例,河南中医,1003-5028,中文,CNKI,自身免疫性肝病;非酒精性脂肪肝;肝功能损害;酒精性肝炎;药物性肝炎;益肝降酶汤
Journal Article,2014,汤守兵;孟忠吉;康健;王传敏;陈钊;,牛磺熊去氧胆酸治疗原发性胆汁性肝硬化临床研究,湖北中医药大学学报,1008-987X,中文,CNKI,原发性胆汁性肝硬化;牛磺熊去氧胆酸
Journal Article,2014,马啸;刘玲;孟慧慧;陆梅;童祥丽;,中西医治疗自身免疫性肝炎1例,黑龙江中医药,1000-9906,中文,CNKI,诊断;自身免疫性肝炎;治疗
Journal Article,2014,黄晶晶;黄鸿娜;潘哲;王振常;毛德文;李民杰;,柔肝化纤颗粒治疗自身免疫性肝炎临床观察,新中医,0256-7415,中文,CNKI,自身免疫性肝炎;柔肝化纤颗粒;中西医结合疗法
Journal Article,2014,陈永辉;,陷胸三金汤加味治疗胆汁淤积性肝硬化疗效观察,四川中医,1000-3649,中文,CNKI,原发性胆汁性肝硬化;熊去氧胆酸;胆固醇;胆汁酸类;汤剂
Journal Article,2014,李红玉;薛博瑜;,原发性胆汁性肝硬化中医证治用药规律的文献研究,中国实验方剂学杂志,1005-9903,中文,CNKI,文献研究;中药;原发性胆汁性肝硬化;用药规律
Journal Article,2014,钱金花,中西医结合诊治自身免疫性肝病的临床研究,,,中文,CNKI,自身免疫性肝病;中西医结合;化浊解毒;诊断与治疗;浊毒理论
Journal Article,2013,王艳丽;吴东;,中西医结合治疗自身免疫性肝炎临床观察,湖北中医杂志,1000-0704,中文,CNKI,自身免疫性肝炎;中西医结合疗法;健脾调肝方;泼尼松片
Journal Article,2013,张宁;宫嫚;周双男;冯松;孙永强;景婧;杜宁;张帆;罗生强;,原发性胆汁性肝硬化中医证候分型文献分析,实用肝脏病杂志,1672-5069,中文,CNKI,原发性胆汁性肝硬化;文献分析
Journal Article,2013,张健;李冰;李梵;李忠斌;王小勇;陈国凤;,中西医结合治疗原发性硬化性胆管炎疗效观察,现代中西医结合杂志,1008-8849,中文,CNKI,中西医结合疗法;硬化性胆管炎;原发性胆管炎
Journal Article,2013,杜慧慧;张玮;,张玮运用补虚化瘀法辨治原发性胆汁性肝硬化经验,上海中医药杂志,1007-1334,中文,CNKI,临床经验;原发性胆汁性肝硬化;张玮;补虚化瘀
Journal Article,2013,郭艳青;刘文科;武胜平;刘洪兴;,仝小林教授治疗原发性胆汁淤积性肝硬化验案分析,时珍国医国药,1008-0805,中文,CNKI,肝硬化;经方;仝小林
Journal Article,2013,薛敬东;李粉萍;杨跃青;何瑾瑜;,名老中医张瑞霞治疗原发性胆汁性肝硬化的经验介绍,中华中医药学会名医学术思想研究分会年会论文集,,中文,CNKI,原发性胆汁性肝硬化;肝肾亏虚型
Journal Article,2013,田耀洲;宣佶;曹鹏;胡春萍;蔡雪婷;张伟;,化肝通络方对原发性胆汁性肝硬化的抗纤维化作用及机制探讨,中华中医药学会脾胃病分会第二十五届全国脾胃病学术交流会论文汇编,,中文,CNKI,肝纤维化;肝硬化;模型组;原发性胆汁性肝硬化;胆汁淤积;原发性;熊去氧胆酸;化肝通络方;大鼠肝脏;肝纤维化大鼠;机制探讨;抗纤维化;炎性细胞浸润;印度獐牙菜
Journal Article,2013,靳红燕,化浊解毒软肝方联合熊去氧胆酸治疗原发性胆汁性肝硬化的临床疗效观察,,,中文,CNKI,原发性胆汁性肝硬化;化浊解毒软肝方;浊毒
Journal Article,2013,叶春华;黄静;范永升;,范永升教授诊治自身免疫性肝炎心得,中华中医药杂志,1673-1727,中文,CNKI,自身免疫性肝炎;范永升
Journal Article,2013,曹学斌;,中医药治疗原发性胆汁性肝硬化临床疗效观察,临床合理用药杂志,1674-3296,中文,CNKI,肝硬化;胆汁性;原发性
Journal Article,2013,马艳红;仝小林;,自身免疫性肝炎治验,山东中医杂志,0257-358X,中文,CNKI,自身免疫性肝炎;以病为参;以证为基;以症为靶
Journal Article,2013,潘文超,复方甘草酸苷对免疫性肝损伤小鼠干预作用研究,,,中文,CNKI,复方甘草酸苷(CG);自身免疫性肝炎（AIH）
Journal Article,2013,李再玲,益气解毒通络方治疗原发性胆汁性肝硬化的临床研究,,,中文,CNKI,临床观察;肝硬化;原发性胆汁性肝硬化;益气解毒通络方
Journal Article,2013,张玮,补虚化瘀法对EAH小鼠Treg/Th17细胞功能异常调控作用的研究,,,中文,CNKI,自身免疫性肝炎;调节性T细胞;补虚化瘀法;TH17细胞;重点读
Journal Article,2013,陈宇锋;王陆军;薛博瑜;,以皮肤瘙痒为首发症状的原发性胆汁性肝硬化中医证治探讨,吉林中医药,1003-5699,中文,CNKI,辨证论治;原发性胆汁性肝硬化;血瘀;皮肤瘙痒;同病异治;血热;血虚;异病同治
Journal Article,2013,李正富;王新昌;范永升;,范永升教授治疗自身免疫性肝病经验探析,浙江中医药大学学报,1005-5509,中文,CNKI,自身免疫性肝病;范永升;临床经验
Journal Article,2013,赵琳,利胆和络方加减联合熊去氧胆酸治疗原发性胆汁性肝硬化的临床研究,,,中文,CNKI,临床研究;原发性胆汁性肝硬化;利胆和络方
Journal Article,2013,何春霞,中药联合熊去氧胆酸治疗原发性胆汁性肝硬化的系统评价,,,中文,CNKI,中药;原发性胆汁性肝硬化;Meta分析;系统评价;熊去氧胆酸
Journal Article,2013,浦仕彪,基于代谢组学的自身免疫性肝炎生物标志物筛查及中医药干预研究,,,中文,CNKI,诊断;自身免疫性肝炎;代谢组学;生物标志物;预后
Journal Article,2013,高丽英;,原发性胆汁性肝硬化中医药研究近况,湖南中医杂志,1003-7705,中文,CNKI,原性胆汁性肝硬化
Journal Article,2013,陈宇锋,疏肝利胆活血化瘀方联合熊去氧胆酸对原发性胆汁性肝硬化的临床疗效观察,,,中文,CNKI,中西医结合;临床观察;原发性胆汁性肝硬化;熊去氧胆酸;疏肝利胆活血化瘀方
Journal Article,2013,李培根;,愈黄方治疗自身免疫性肝炎40例临床观察,中医临床研究,1674-7860,中文,CNKI,自身免疫性肝炎;硫唑嘌呤;强的松;愈黄方
Journal Article,2013,赵琳;金实;,金实教授治疗原发性胆汁性肝硬化的经验,四川中医,1000-3649,中文,CNKI,名医经验;金实;原发性胆汁性肝硬化
Journal Article,2013,陈四清,周仲瑛教授清热化湿治疗免疫性肝炎,实用中医内科杂志,1671-7813,中文,CNKI,自身免疫性肝炎;清热化湿;周仲瑛
Journal Article,2013,焦宝娟;韩丽静;万树全;,活血化瘀中药为主治疗胆汁淤积性肝硬化瘙痒症30例,陕西中医,1000-7369,中文,CNKI,治疗应用;活血祛瘀剂/治疗应用;瘙痒症;活血祛瘀剂
Journal Article,2012,姜冬云;徐姗姗;李建才;,探析自身免疫性肝炎的中医治疗思路,新中医,0256-7415,中文,CNKI,病因病机;治疗思路;自身免疫性肝炎(AIH)
Journal Article,2012,宋爱军;于培龙;王东风;,中西医结合治疗自身免疫性肝炎30例临床观察,河南中医,1003-5028,中文,CNKI,自身免疫性肝炎;气滞血瘀证;复方甘草酸苷注射液;肝胆湿热;肝肾亏虚;痰毒内阻证;茵栀黄注射液
Journal Article,2012,史文丽;刘飞飞;李建宇;吕红;,玄参治疗自身免疫性肝炎,循证医学方法在中西医结合皮肤病临床研究中的应用论文集,,中文,CNKI,免疫性肝炎;丙氨酸转氨酶;病毒标志物;天冬氨酸转氨酶;直接胆红素
Journal Article,2012,尉国勤;,中西医结合治愈自身免疫性肝炎1例,光明中医,1003-8914,中文,CNKI,自身免疫性肝炎;中西医结合疗法
Journal Article,2012,李娜;杨华升;,自身免疫性肝病与血瘀证、流产的相关性研究,山东中医药大学学报,1007-659X,中文,CNKI,自身免疫性肝病;相关性;血瘀证;流产史;女性患者
Journal Article,2012,曹广秋;贾建伟;,贾建伟医案2则,江苏中医药,1672-397X,中文,CNKI,自身免疫性肝炎;布氏杆菌病;医案
Journal Article,2012,杜慧慧;李青梅;王磊;李莹;王俐琼;张玮;,原发性胆汁性肝硬化与肝血瘀证,中西医结合肝病杂志,1005-0264,中文,CNKI,免疫;原发性胆汁性肝硬化;肝血瘀证
Journal Article,2012,李娜,原发性胆汁性肝硬化中医证型分布规律研究,,,中文,CNKI,原发性胆汁性肝硬化;证候要素
Journal Article,2012,刘斌;,慢性顽固性黄疸治验,湖南中医杂志,1003-7705,中文,CNKI,湿热疫毒;原发性胆汁性肝硬化;顽固性黄疸;利湿退黄;鳖甲煎丸方;炒白术;从血论治;丹栀逍遥丸;地鳖虫;肝功能检查;面色黧黑
Journal Article,2012,张丽,中医辨证治疗自身免疫性肝炎的临床观察,,,中文,CNKI,自身免疫性肝炎;临床治疗;方药
Journal Article,2012,王庆艳;刘文全;,滋水清肝饮治疗自身免疫性肝炎并干燥综合征1例,吉林中医药,1003-5699,中文,CNKI,自身免疫性肝炎;医案;干燥综合征;滋水清肝饮
Journal Article,2012,杜慧慧;张玮;,张玮补虚化瘀辨治原发性胆汁性肝硬化,中华中医药学会第十五届内科肝胆病学术会议暨国家中医药管理局专科专病协作组（肝病组、传染病组）会议论文汇编,,中文,CNKI,原发性胆汁性肝硬化;肝气虚证;王育群
Journal Article,2012,李娜;杨华升;,原发性胆汁性肝硬化中医诊疗思路初探,中华中医药学会第十五届内科肝胆病学术会议暨国家中医药管理局专科专病协作组（肝病组、传染病组）会议论文汇编,,中文,CNKI,原发性胆汁性肝硬化;病位;病性
Journal Article,2012,李娜;杨华升;,女性自身免疫性肝病患者的瘀血情况分析,中华中医药学会第十五届内科肝胆病学术会议暨国家中医药管理局专科专病协作组（肝病组、传染病组）会议论文汇编,,中文,CNKI,自身免疫性肝病;血瘀证;流产史;女性患者
Journal Article,2012,刘颖,董振华教授治疗原发性胆汁性肝硬化经验总结,,,中文,CNKI,经验;原发性胆汁性肝硬化;董振华教授
Journal Article,2012,张艳,黄芩苷和黄芩素的抗炎和免疫调控作用研究,,,中文,CNKI,免疫性肝炎;凋亡;炎症;免疫调节;黄芩苷;黄芩素;类风湿性关节炎;淋巴细胞;自身免疫性疾病
Journal Article,2012,刘熳天,疏肝利胆活血化瘀法联合熊去氧胆酸对原发性胆汁性肝硬化患者的临床研究,,,中文,CNKI,活血化瘀;临床研究;原发性胆汁性肝硬化;利胆;湿热瘀毒;疏肝
Journal Article,2012,皇金萍,基于文献的原发性胆汁性肝硬化的中医证治研究,,,中文,CNKI,文献研究;原发性胆汁性肝硬化;证治
Journal Article,2012,卢殿强,原发性胆汁性肝硬化的中医证候分布特点研究,,,中文,CNKI,原发性胆汁性肝硬化
Journal Article,2012,刘熳天;薛博瑜;,原发性胆汁性肝硬化化瘀利胆法作用探析,黑龙江中医药,1000-9906,中文,CNKI,原发性胆汁性肝硬化;利胆;湿热瘀毒;化瘀;血瘀络阻
Journal Article,2012,汪乃一;卢秉久;,论自身免疫性肝病患者中医护理,辽宁中医药大学学报,1673-842X,中文,CNKI,自身免疫性肝病;经验总结
Journal Article,2012,傅红卫;金毓莉;张蕾;裴文意;,疏肝补肾化瘀法治疗自身免疫性肝炎34例临床观察,河北中医,1002-2619,中文,CNKI,"肝炎;自身免疫性;肝炎,自身免疫性"
Journal Article,2012,王丹;郭丽颖;贾建伟;,贾建伟教授治疗原发性胆汁性肝硬化验案1则,吉林中医药,1003-5699,中文,CNKI,气血;脾;贾建伟;活血祛瘀;行气;瘀血
Journal Article,2012,王若琪;倪蓓;,黄芪提高乙型肝炎患者自身免疫作用有效性的临床观察,中国当代医药,1674-4721,中文,CNKI,临床观察;黄芪;免疫;乙型肝炎
Journal Article,2012,王庆艳;刘文全;,中医药治疗原发性硬化性胆管炎1例,长春中医药大学学报,1007-4813,中文,CNKI,黄疸;医案;茵陈蒿汤/治疗应用
Journal Article,2012,卢殿强;邵铭;,原发性胆汁性肝硬化中医辨治思路,辽宁中医药大学学报,1673-842X,中文,CNKI,辨证论治;病因病机;原发性胆汁性肝硬化
Journal Article,2011,王红霞;,原发性胆汁性肝硬化证型分布研究及中药使用现状,中华中医药学会脾胃病分会第二十三次全国脾胃病学术交流会论文汇编,,中文,CNKI,原发性胆汁性肝硬化;辨证分型
Journal Article,2011,刘红虹;罗生强;宫嫚;张佳斌;刘士敬;金城;窦貌梅;,肝肾阴虚与肝郁脾虚型原发性胆汁性肝硬化生化及免疫学指标比较,中国中医药现代远程教育,1672-2779,中文,CNKI,肝肾阴虚;肝郁脾虚;原发性胆法性肝硬化
Journal Article,2011,高治军;,中西医结合治疗原发性硬化性胆管炎临床体会,四川中医,1000-3649,中文,CNKI,临床体会;中西医结合;硬化性胆管炎
Journal Article,2011,张宁;罗生强;宫嫚;,原发性胆汁性肝硬化的中医治疗现状,中国中医药现代远程教育,1672-2779,中文,CNKI,黄疸;原发性胆汁性肝硬化
Journal Article,2011,孙韬;卢秉久;,中医辨治自身免疫性肝炎浅析,实用中医内科杂志,1671-7813,中文,CNKI,肝炎;自身免疫性
Journal Article,2011,董振华;徐慧媛;齐贺彬;,原发性胆汁性肝硬化74例中医辨证规律的研究,医学研究杂志,1673-548X,中文,CNKI,辨证论治;原发性胆汁性肝硬化
Journal Article,2011,王红霞,茵芍二金汤加减治疗原发性胆汁性肝硬化疗效观察,,,中文,CNKI,临床研究;原发性胆汁性肝硬化;茵芍二金汤
Journal Article,2011,刘岩岩,软肝巴布剂治疗原发性胆汁性肝硬化的临床研究,,,中文,CNKI,肝纤维化;原发性胆汁性肝硬化;软肝巴布剂
Journal Article,2011,陈真,漆黄素对小鼠免疫系统的调节作用及对自身免疫性肝炎模型小鼠的保护作用,,,中文,CNKI,自身免疫性肝炎;淋巴细胞;丙氨酸氨基转移酶;巨噬细胞;漆黄素
Journal Article,2011,苏春芝;钟锐;,化浊解毒调肝方对原发性胆汁性肝硬化患者淤胆指标的影响,中医临床研究,1674-7860,中文,CNKI,中西医结合疗法;化浊解毒调肝汤;原发性胆汁性肝硬化患者淤胆指标
Journal Article,2011,孙韬,卢秉久教授治疗自身免疫性肝炎经验,,,中文,CNKI,自身免疫性肝炎;中西医结合;辨证论治;卢秉久教授
Journal Article,2011,陈丽军;谢德武;,复方甘草甜素联合大剂量丹参治疗原发性胆汁性肝硬化31例,中国冶金工业医学杂志,1005-5495,中文,CNKI,治疗组;原发性胆汁性肝硬化;大剂量;复方甘草甜素
Journal Article,2011,程良斌;吴凡;,原发性胆汁性肝硬化中医临床分析,湖北中医杂志,1000-0704,中文,CNKI,临床分析;原发性胆汁肝硬化
Journal Article,2011,王红霞;金实;,金实教授治疗原发性胆汁性肝硬化经验,吉林中医药,1003-5699,中文,CNKI,@金实;金实;原发性胆汁性肝硬化;@茵芍二金汤/治疗应用;茵芍二金汤/治疗应用
Journal Article,2010,崔丽安;施伯安;邵风珍;,滋肾柔肝方治疗自身免疫性肝炎48例临床观察,第二届国际中西医结合肝病学术会议论文汇编,,中文,CNKI,免疫性肝炎;临床观察
Journal Article,2010,史文丽;,三物黄芩汤在自身免疫性肝病中的临床新用,中医杂志,1001-1668,中文,CNKI,免疫性肝炎;生地黄;原发性胆汁性肝硬化;熊去氧胆酸胶囊;免疫性肝病;红色丘疹;抗线粒体抗体;临床新用;美能片;三物黄芩汤;重度黄染;朱砂掌
Journal Article,2010,傅萍;黄国民,中药治疗自身免疫性肝炎1例报道,中华中医药学会第二十二届全国脾胃病学术交流会暨2010年脾胃病诊疗新进展学习班论文汇编,,中文,CNKI,免疫性肝炎;祛湿通络;中药治疗
Journal Article,2010,李赛美;,阴黄案辨治1则,上海中医药杂志,1007-1334,中文,CNKI,自身免疫性肝炎;黄疸;医案;阴黄
Journal Article,2010,庞国宏;,复方甘草酸苷联合茵栀黄治疗原发性胆汁性肝硬化14例,中国中医药现代远程教育,1672-2779,中文,CNKI,中西医结合疗法;原发性胆汁性肝硬化;茵栀黄注射液;熊去氧胆酸;复方甘草酸苷;鼓胀;中成药疗法
Journal Article,2010,李晓栋;赵香君;霍闻钧;黄湘;乔亚峰;,姜黄素对伴刀豆球蛋白A介导的自身免疫性肝炎模型小鼠的防治效果,中华临床医师杂志(电子版),1674-0785,中文,CNKI,肝炎;自身免疫性;小鼠;伴刀豆球蛋白A;姜黄素△;近交BALBC
Journal Article,2010,吴凡,原性性胆汁性肝硬化的中医辨治规律研究,,,中文,CNKI,辨证论治;原发性胆汁性肝硬化;熊去氧胆酸
Journal Article,2010,宣磊;董振华;,原发性胆汁性肝硬化中医药研究进展,中华中医药学会风湿病分会2010年学术会论文集,,中文,CNKI,肝郁脾虚型;治疗组;原发性胆汁性肝硬化;胆汁淤积;肝胆湿热型;瘀血阻络型;清热利胆;养阴活血方;自身免疫病;肝脏纤维化;肝功能失代偿期;个体易感性;医学免疫学
Journal Article,2010,陆晓宇,根皮素对小鼠免疫功能的影响及对自身免疫性肝炎模型小鼠的保护作用,,,中文,CNKI,自身免疫性肝炎;淋巴细胞;巨噬细胞;丙氨酸转移酶;根皮素
Journal Article,2010,成翠华,益气解毒通络方治疗原发性胆汁性肝硬化的临床研究,,,中文,CNKI,临床观察;原发性胆汁性肝硬化;益气解毒通络方;络病
Journal Article,2010,王静,原发性胆汁性肝硬化的中药使用及证型分析文献研究,,,中文,CNKI,文献研究;中药治疗;原发性胆汁性肝硬化;辨证分型;研究进展;用药分析
Journal Article,2010,刘士敬;,中医治疗自身免疫性肝炎的思路,中国中医药现代远程教育,1672-2779,中文,CNKI,肝炎;免疫性疾病
Journal Article,2010,曾渊杰,茵陈郁姜汤加减治疗原发性胆汁性肝硬化临床疗效观察,,,中文,CNKI,中药治疗;原发性胆汁性肝硬化;初步探索;茵陈郁姜汤
Journal Article,2010,钱程亮;金实;,金实诊治自身免疫性肝炎的经验,江苏中医药,1672-397X,中文,CNKI,自身免疫性肝炎
Journal Article,2010,韩冰,姜黄素保护ConA诱导小鼠免疫性肝炎的作用机制,,,中文,CNKI,自身免疫性肝炎;刀豆蛋白A;姜黄素
Journal Article,2010,郑双飞,卢秉久教授治疗原发性胆汁性肝硬化经验总结,,,中文,CNKI,中西医结合;辨证论治;卢秉久教授;原发性胆汁性肝硬化
Journal Article,2010,王笃桂;刘丹;周波;杨术华;杨宗兴;,中西医结合治疗自身免疫性肝炎30例临床观察,实用中西医结合临床,1671-4040,中文,CNKI,自身免疫性肝炎;硫唑嘌呤;中西医结合疗法;强的松;茵栀黄注射液
Journal Article,2010,张厂;金周汉;,自身免疫性肝炎中医药治疗现状,世界中医药,1673-7202,中文,CNKI,
Journal Article,2012,吴斌,白芍总苷胶囊治疗自身免疫性肝炎的临床研究,,,中文,CNKI,自身免疫性肝炎;白芍总苷胶囊
Journal Article,2009,高丽英;贾建伟;,异甘草酸镁治疗自身免疫性肝炎疗效观察,中医药防治感染病之研究（九）——第九次全国中医药防治感染病学术交流大会论文集,,中文,CNKI,免疫性肝炎;甘利欣;异甘草酸镁
Journal Article,2009,郭庆波;马胜利;邵凤珍;,中西医结合治疗自身免疫性肝炎30例临床观察,山东中医杂志,0257-358X,中文,CNKI,自身免疫性肝炎;中西医结合;滋肾柔肝
Journal Article,2009,王奕;张玮;,扶正祛瘀汤治疗自身免疫性肝炎46例,陕西中医,1000-7369,中文,CNKI,肝炎
Journal Article,2009,刘敏;,扶正化瘀通络法治疗原发性胆汁性肝硬化45例,中医杂志,1001-1668,中文,CNKI,治疗组;原发性胆汁性肝硬化;化瘀通络法
Journal Article,2009,徐玉霞;姜继宏;,原发性硬化性胆管炎的中药治疗分析,医学理论与实践,1001-7585,中文,CNKI,原发性硬化性胆管炎;中药治疗
Journal Article,2009,张秀娟;宋利芳;,自身免疫性肝炎的中医药治疗进展,中医药临床杂志,1672-7134,中文,CNKI,自身免疫性肝炎
Journal Article,2009,钟艳梅;,原发性胆汁性肝硬化治验,吉林中医药,1003-5699,中文,CNKI,医案;胆汁性肝硬化;黄疸/中西医结合疗法
Journal Article,2009,张学军;张绍梅;,中西医结合治疗原发性硬化性胆管炎,中国实用医药,1673-7555,中文,CNKI,原发性硬化性胆管炎;中西医结合治疗;疏肝利胆
Journal Article,2009,童瑞敏;,中西医结合治疗自身免疫性肝炎1例,河北中医,1002-2619,中文,CNKI,中西医结合疗法;肝炎;自身免疫性
Journal Article,2008,陈云;金实;,金实教授治疗自身免疫性肝炎经验,长春中医药大学学报,1007-4813,中文,CNKI,自身免疫性肝炎;@金实;流气和络;疏清化补;金实
Journal Article,2008,李晓良;张云城;,慢性乙型肝炎自身免疫与中医治疗,全国第2届中西医结合传染病学术会议暨国家中医药管理局第1届传染病协作组会议论文汇编,,中文,CNKI,肝细胞损伤;肝纤维化指标;抗体水平;抗体阳性;凉血解毒中药;慢性乙型肝炎;免疫疾病;清热解毒
Journal Article,2008,冯晶远;,中西医结合治疗自身免疫性肝炎20例,中国中医药现代远程教育,1672-2779,中文,CNKI,自身免疫性肝炎;中西医结合疗法
Journal Article,2008,徐慧媛;,自身免疫性肝炎的中医诊治,中国临床医生,1008-1089,中文,CNKI,免疫性肝炎;高丙种球蛋白血症;抗核抗体;抗平滑肌抗体;生黄芪;医学津梁;益气汤;炙甘草
Journal Article,2008,周滔;,刘成海教授治疗慢性肝病的“扶正”思路探析,第二十次全国中西医结合消化系统疾病学术会议暨消化疾病诊治进展学习班论文汇编,,中文,CNKI,自身免疫性肝炎;肝纤维化;扶正;肝硬化腹水;刘成海;脂肪肝
Journal Article,2008,张厂;李军祥;金周汉;,原发性胆汁性肝硬化中医药治疗现状,第二十次全国中西医结合消化系统疾病学术会议暨消化疾病诊治进展学习班论文汇编,,中文,CNKI,原发性胆汁性肝硬化;本虚标实
Journal Article,2008,史文丽;,自身免疫性肝炎病案,中医杂志,1001-1668,中文,CNKI,自身免疫性肝炎;黄疸;胁痛;验案
Journal Article,2008,苏春芝;,化浊解毒调肝汤治疗原发性胆汁性肝硬化疗效观察,中华中医药学会脾胃病分会第二十次全国脾胃病学术交流会论文汇编,,中文,CNKI,原发性胆汁性肝硬化;化浊解毒
Journal Article,2008,孙凤霞;杜宏波;王宪波;王融冰;王晓静;江宇泳;周桂琴;,甘草酸二铵联合益气养阴、清热凉血中药治疗自身免疫性肝炎37例临床分析,第十七次全国中西医结合肝病学术会议论文汇编,,中文,CNKI,自身免疫性肝炎;中药;甘草酸二铵
Journal Article,2008,施伯安;邵凤珍;张俊富;,滋肾柔肝方治疗自身免疫性肝炎30例临床观察,长春中医药大学学报,1007-4813,中文,CNKI,自身免疫性肝炎;@滋肝柔肝方/治疗应用;免疫调节剂;滋肝柔肝方
Journal Article,2008,郭险峰;,经方治验2则,陕西中医,1000-7369,中文,CNKI,原发性硬化性胆管炎;免疫性肝炎;抗平滑肌抗体;五苓散;原发性胆汁性肝硬化;柴胡桂枝干姜汤;渴不欲饮
Journal Article,2008,介世杰;张珍先;,逍遥散加减治疗自身免疫性肝炎临床观察,光明中医,1003-8914,中文,CNKI,自身免疫性肝炎;逍遥散
Journal Article,2008,梁兆端,芹菜素对Con A诱导的免疫性肝炎模型小鼠的保护作用,,,中文,CNKI,自身免疫性肝炎;凋亡;活化;芹菜素;吞噬;细胞周期;增殖;RAW264.7细胞;T细胞
Journal Article,2008,汪瑞峰;,中西医结合治疗原发性硬化性胆管炎5例报告,中国中西医结合外科杂志,1007-6948,中文,CNKI,原发性硬化性胆管炎;中西医结合;黄疸
Journal Article,2008,商振球;,原发性胆汁淤积性肝硬化45例临床分析,浙江中西医结合杂志,1005-4561,中文,CNKI,原发性;临床分析;胆汁淤积性肝硬化
Journal Article,2008,马胜利;盛坤;,原发性硬化性胆管炎治验1例,山西中医,1000-7156,中文,CNKI,黄疸;验案;中西医结合疗法;硬化性胆管炎
Journal Article,2008,刘晋河;董振华;,原发性胆汁性肝硬化合并干燥综合征的中医证候特点,中华中医药杂志,1673-1727,中文,CNKI,干燥综合征;原发性胆汁性肝硬化;自身免疫病
Journal Article,2007,王奕;张玮;,中医中药治疗自身免疫性肝炎42例临床观察,中华中医药学会内科分会学术年会资料汇编,,中文,CNKI,免疫性肝炎;临床观察;治疗组;肝功能指标;中药汤剂
Journal Article,2007,王欣欣;卢秉久;,中医药治疗自身免疫性肝炎合并慢性乙肝疗效观察,辽宁中医杂志,1000-1719,中文,CNKI,自身免疫性肝炎;对照观察;慢性乙肝
Journal Article,2007,王艳;陈誩;刘汶;,危北海治疗自身免疫性肝炎合并肝硬化肝囊肿1例,辽宁中医杂志,1000-1719,中文,CNKI,自身免疫性肝炎;肝硬化;病例分析;肝囊肿;危北海
Journal Article,2007,张艳梅;,茵陈蒿汤治疗自身免疫性肝炎一例廖志峰主任诊病经验一得,中华中医药学会脾胃病分会第十九次全国脾胃病学术交流会论文汇编,,中文,CNKI,免疫性肝炎;中药汤剂;金钱草;廖志峰;龙胆草
Journal Article,2007,吴齐雁;,自身免疫性肝炎30例中医临床分析,中国中西医结合第十九次全国消化病学术会议暨国家级中西医结合消化疾病新进展学习班论文汇编,,中文,CNKI,免疫性肝炎
Journal Article,2007,杨静波;赵长普;李学慧;,以中药为主辨证治疗原发性胆汁性肝硬化14例,中医研究,1001-6910,中文,CNKI,
Journal Article,2007,高丽英;贾建伟;张华伟;,自身免疫性肝炎中医辨治探微,黑龙江中医药,1000-9906,中文,CNKI,自身免疫性肝炎;免疫性肝炎;柴胡疏肝散;自身抗体;球蛋白血症;特发性疾病;形态学特征;药物副作用;遗传易感性
Journal Article,2007,郭英君;李京涛;常占杰;,浅析自身免疫性肝炎中西医诊治特点,现代中医药,1672-0571,中文,CNKI,自身免疫性肝炎;西医治疗
Journal Article,2006,孙凤霞;王融冰;王宪波;孙静媛;江宇泳;周桂琴;牛思萌;,自身免疫肝炎后肝硬化30例临床分析,辽宁中医药大学学报,1673-842X,中文,CNKI,临床表现;自身免疫性肝硬化
Journal Article,2006,赵东鹰;,五苓散验案四则,山东中医杂志,0257-358X,中文,CNKI,自身免疫性肝炎;医案;非感染性尿道综合征;腔隙性脑梗死;五苓散;系统性红斑狼疮
Journal Article,2006,黄峰;戴侃记;孙晓洁;,补阳还五汤加味治疗原发性胆汁性肝硬化30例,陕西中医学院学报,1002-168X,中文,CNKI,原发性胆汁性肝硬化;补阳还五汤加味;益气活血通络
Journal Article,2006,崔东来;姚希贤;,丹皮对小鼠实验性自身免疫性肝炎的保护作用及机制研究,中国中西医结合学会第十八次全国消化系统疾病学术会议暨2006年全国中西医结合消化系统疾病进展学习班论文汇编,,中文,CNKI,机制研究;模型组;强的松龙;实验性自身免疫性肝炎
Journal Article,2006,徐荣亮;,中药方剂治疗原发性胆汁性肝硬化32例疗效观察,江西医药,1006-2238,中文,CNKI,原发性胆汁性肝硬化;中药方剂
Journal Article,2006,鲍启德,丹皮对C57BL/6小鼠实验性自身免疫性肝炎的保护作用及机制探讨,,,中文,CNKI,自身免疫性肝炎;作用机制;实验性自身免疫性肝炎;白细胞介素-6;丹皮;核因子-κB;细胞间粘附分子-1;肿瘤坏死因子-α
Journal Article,2006,高丽英;,自身免疫性肝炎中医辨治探微,第一次全国中西医结合传染病学术会议论文汇编,,中文,CNKI,免疫性肝炎;柴胡疏肝散
Journal Article,2005,蒋健;何淼;,原发性胆汁性肝硬化的临床特征与治疗,首届国际中西医结合肝病学术会议论文汇编,,中文,CNKI,原发性胆汁性肝硬化;临床特征
Journal Article,2005,黄伯舜,益气活血软坚利胆法治疗原发性胆汁性肝硬化,浙江中医杂志,0411-8421,中文,CNKI,医案;原发性胆汁性肝硬化;益气活血软坚利胆法
Journal Article,2005,常廷民;韩宇;杨承汉;,复方甘草酸苷(美能)联合茵栀黄治疗原发性胆汁性肝硬化,中华医学会第十二次全国病毒性肝炎及肝病学术会议论文汇编,,中文,CNKI,治疗组;原发性胆汁性肝硬化;复方甘草酸苷
Journal Article,2005,甘露,槲皮素治疗免疫性肝炎实验研究,,,中文,CNKI,自身免疫性肝炎;棚皮素
Journal Article,2004,刘汶张琳,健脾补肾法治疗原发性胆汁性肝硬化1例,北京中医药大学学报(中医临床版),1672-2205,中文,CNKI,中西医结合;原发性胆汁性肝硬化;健脾补肾
Journal Article,2004,张晓刚吕志平,中药治疗自身免疫性肝炎1例报告,中西医结合肝病杂志,1005-0264,中文,CNKI,肝功能;免疫性肝炎;祛湿通络;中药治疗;汉防己;生地黄
Journal Article,2004,顾杰薛惠明,中药治疗原发性胆汁性肝硬化引起的皮肤瘙痒2例,上海中医药杂志,1007-1334,中文,CNKI,原发性胆汁性肝硬化;利湿退黄;皮肤瘙痒;祛风止痒;养血润燥
Journal Article,2004,苏经格;,中药治疗原发性胆汁性肝硬化20例,中医杂志,1001-1668,中文,CNKI,中药治疗;五苓散;原发性胆汁性肝硬化;治疗前后;抗线粒体抗体;何首乌;养血柔肝;滋补肝肾;益气活血
Journal Article,2004,何峰,张光华教授辩治肝细胞性黄疸经验总结,,,中文,CNKI,经验;原发性胆汁性肝硬化;进展;肝细胞性黄疸
Journal Article,2004,李建鸿,自身免疫性肝炎研究进展,,,中文,CNKI,诊断;自身免疫性肝炎;经验;治疗;发病机制
Journal Article,2003,蒋健何淼,原发性胆汁性肝硬化的中医证候特点及疗效分析,上海中医药大学学报,1008-861X,中文,CNKI,中西医结合;原发性胆汁性肝硬化;证型
Journal Article,2003,苏经格,原发性胆汁性肝硬化30例中医临床分析,中国医药学报,1000-4971,中文,CNKI,诊断;肝郁脾虚型;原发性胆汁性肝硬化;辨证分型;瘀血阻络型;临床分析;抗线粒体抗体;肝肾阴虚型;湿热中阻型;实验室检测指标;症状及体征;症状
Journal Article,2003,季业伟,肝硬化的中西医二法治疗,,,中文,CNKI,自身免疫性肝炎;肝硬化;进展
Journal Article,2002,李超,中药治疗自身免疫性肝炎7例,实用中医内科杂志,,中文,CNKI,自身免疫性肝炎;中药治疗
Journal Article,2002,张玮季光,调免Ⅰ号治疗自身免疫性肝炎的临床观察,上海中医药杂志,1007-1334,中文,CNKI,自身免疫性肝炎;调免Ⅰ号;化瘀补虚;解毒养阴疏肝
Journal Article,2002,周滔;顾元龙;俞宪民;周奚钟;何友钊;韦毅;,中西医结合治疗原发性硬化性胆管炎的临床研究,第二次世界中西医结合大会论文摘要集,,中文,CNKI,原发性硬化性胆管炎;临床研究;中西医结合治疗
Journal Article,2002,吕霞;杨霞;,中西医结合治疗自身免疫性肝炎20例,河北中医,1002-2619,中文,CNKI,自身免疫性肝炎;中西医结合疗法
Journal Article,2001,陈静,六味地黄汤治疗自身免疫性肝炎的临床观察,中成药,1001-1528,中文,CNKI,自身免疫性肝炎;六味地黄汤;中西医结合治疗
Journal Article,2000,刘喜德,金实辨治免疫性疾病经验,浙江中医杂志,0411-8421,中文,CNKI,自身免疫性肝炎;系统性红斑狼疮;金实;临床经验
Journal Article,2000,刘喜德金实,金实教授流气和络法治疗自身免疫性肝炎经验撷要,中国中医药信息杂志,1005-5304,中文,CNKI,免疫性肝炎;白塞氏综合征;炒柴胡;垂盆草;淡渗利湿;机体免疫功能;慢性肝损害;女贞子;生石膏;疏肝解郁;阴平阳秘;正虚邪恋
Journal Article,1999,李双全李变华,滋水清肝饮为主治疗自身免疫性肝炎13例,中医药研究,,中文,CNKI,黄疸;滋水清肝饮;肝炎;激素;自身免疫
Journal Article,1997,尤素娥;冯国华;,从免疫与自身免疫谈乙型肝炎的中医药疗法,世界中西医结合大会论文摘要集,,中文,CNKI,乙型肝炎;抗病毒;现代医学;月华丸
Journal Article,1996,仝小林，崔新育,大黄蟅虫丸治疗原发性胆汁性肝硬化一例报告,时珍国药研究,10080805,中文,CNKI,原发性胆汁性肝硬化;仝小林;大黄虫丸;大黄蟅虫丸;中日友好医院
Journal Article,1994,金航,柴苓汤治疗自身免疫性肝炎的效果:类固醇减量和减轻副作用,国外医学(中医中药分册),1001-1145,中文,CNKI,免疫性肝炎;柴苓汤;副作用;类固醇
Journal Article,1994,秦剑翀，金庆丰,中西医结合治疗原发性硬化性胆管炎87例疗效分析,中国农村医学,10081089,中文,CNKI,原发性硬化性胆管炎;中西医结合治疗;疗效分析;手术治疗
Journal Article,1994,秦剑，金庆丰,原发性硬化性胆管炎的中西医结合治疗,肝胆胰外科杂志,10071954,中文,CNKI,治疗方法;原发性硬化性胆管炎;中药治疗;中西医结合治疗;手术治疗;地鳖虫;胆道癌;非手术;金山县;外引流;中心医院;总胆管
Journal Article,1992,杨健芳吴轰,保元汤对实验性自身免疫性肝病的作用研究,湖南医学,1671-7171,中文,CNKI,保元汤;实验性自身免疫性;小鼠肝细胞;作用研究
Journal Article,1992,张同建,原发性胆汁性肝硬化的治疗现状,菏泽医专学报,1008-4118,中文,CNKI,原发性胆汁性肝硬化;治疗学
Journal Article,1990,胡若琪;,微量元素与肝脏疾病,云南中医学院学报,1000-2723,中文,CNKI,肝脏疾病;微量元素
Journal Article,1990,张雅勤,康力龙对原发性胆汁性肝硬化瘙痒的作用,临床荟萃,1004-583X,中文,CNKI,原发性胆汁性肝硬化;胆红素浓度;康力龙
Journal Article,1989,李开增;,小儿原发性硬化性胆管炎一例治验,辽宁中医杂志,1000-1719,中文,CNKI,原发性硬化性胆管炎;儿童;肝内胆管扩张;肝外胆管
Journal Article,1988,李恩宽;,中西医结合治疗原发性硬化性胆管炎——7年随访观察,中西医结合杂志,1003-5370,中文,CNKI,原发性硬化性胆管炎;金钱草;中西医结合治疗;海藻玉壶汤;活血软坚;静脉胆道造影;气阴两伤;随访观察
Journal Article,1987,袁益君;,中药治疗原发性硬化性胆管炎1例,天津中医,1672-1519,中文,CNKI,原发性硬化性胆管炎;中药治疗
Journal Article,1982,刘友富;谭寅昶;,中西医结合治疗原发性硬化性胆管炎一例,中西医结合杂志,1003-5370,中文,CNKI,原发性硬化性胆管炎;中西医结合治疗;胆总管
Journal Article,2020,张克慧; 李勇,自身免疫性肝炎病因病理机制研究进展,辽宁中医药大学学报,1673-842X,中文,CNKI,自身免疫性肝炎;病机;病因;病理
Journal Article,2016,何峰;朱婉华;张侠福,朱良春治疗胆管细胞癌并发胆汁瘀积性黄疸医案2则,新中医,0256-7415,中文,CNKI,名医经验;利胆退黄;顾护脾胃;消癥散结;瘀积性黄疸;朱良春
Journal Article,2019,曾武武;吴学杰,护肝逐瘀汤联合熊去氧胆酸对原发性胆汁性肝硬化患者免疫球蛋白及T淋巴细胞亚群的影响,中华全科医学,1674-4152,中文,CNKI,肝郁脾虚证;原发性胆汁性肝硬化;熊去氧胆酸;护肝逐瘀汤
Journal Article,2018,许杰;程良斌,中医药介导Treg细胞在原发性胆汁性胆管炎治疗中的作用机制研究,中西医结合肝病杂志,1005-0264,中文,CNKI,原发性胆汁性胆管炎;机制研究;Treg细胞;TREG细胞
Journal Article,2018,白莉;王晓忠,原发性胆汁性肝硬化中西医诊治概况,新疆中医药,1009-3931,中文,CNKI,原发性胆汁性肝硬化;中西医;熊去氧胆酸
Journal Article,2015,黄凌鹰;周振华;孙学华;李曼;朱晓骏;金树根;张鑫;高月求,复方鳖甲软肝片治疗原发性胆汁性肝硬化的临床疗效评价,临床肝胆病杂志,1001-5256,中文,CNKI,"肝硬化;胆汁性;熊去氧胆酸;复方鳖甲软肝片;肝硬化,胆汁性;牛磺;治疗结果"
Journal Article,2013,刘亚杰;邵文革;王瑞强;张瑞红;高淑会;刘世丽,茵陈蒿汤加味治疗原发性胆汁肝硬化,中医学报,1674-8999,中文,CNKI,原发性胆汁性肝硬化;茵陈蒿汤加味
Journal Article,2013,林云崖;范江勇;林玲,熊去氧胆酸联合健脾补肾方治疗原发性胆汁性肝硬化28例,湖南中医杂志,1003-7705,中文,CNKI,原发性胆汁性肝硬化;熊去氧胆酸;健脾补肾方
Journal Article,2013,宋春荣;南然,原发性胆汁性肝硬化中西医研究概况,河南中医,1003-5028,中文,CNKI,病因病机;中西医结合疗法;原发性胆汁性肝硬化;张仲景
Journal Article,2012,刘炜,丹红注射液对不同肝脏疾病肝纤维化指标的影响,中国中医药科技,1005-7072,中文,CNKI,肝硬化;人类;丹红注射液
Journal Article,2012,郑颖俊;唐海鸿;贺劲松;邱梅;熊益群;周大桥,加味茵陈蒿汤联合熊去氧胆酸治疗原发性胆汁性肝硬化的临床研究,中西医结合肝病杂志,1005-0264,中文,CNKI,原发性胆汁性肝硬化;熊去氧胆酸/治疗应用
Journal Article,2012,韩会敏,邵铭应用药对治疗原发性胆汁性肝硬化经验,河北中医,1002-2619,中文,CNKI,名医经验;胆汁性肝硬化;邵铭;药对
Journal Article,2009,赵婧;马兰,原发性胆汁性肝硬化的中医治疗进展,中华实用中西医杂志,1607-2286,中文,CNKI,传统医学;性肝硬化;原发型胆汁
Journal Article,2019,金超;潘洁露;喻晓;张海燕;邢练军,自身免疫性肝炎临床治疗进展,临床肝胆病杂志,1001-5256,中文,CNKI,"肝移植;治疗学;补充疗法;肝炎,自身免疫性"
Journal Article,2015,张冠军;信楠,中医对自身免疫性肝炎AIH相关研究现状,医学信息(西安),1006-1959,中文,CNKI,
Journal Article,2016,高薇,卢秉久治疗肝硬化验案2则,江苏中医药,1672-397X,中文,CNKI,验案;肝硬化
Journal Article,2012,汪应洪,龙治平治疗肝病的临床经验,光明中医,1003-8914,中文,CNKI,名医经验;肝病;龙治平
Journal Article,2011,张卫平,中医药的疾病干预与调节性T细胞关联性的研究进展,中国免疫学杂志,1000-484X,中文,CNKI,自身免疫性肝炎;调节性T细胞;炎症性肠病;冠状动脉疾病;疾病干预;慢性心力衰竭;慢性阻塞性肺疾病
Journal Article,2008,宋乐冬;王维伟;陈建杰,陈建杰运用逍遥散治疗慢性肝病的经验,光明中医,1003-8914,中文,CNKI,陈建杰;逍遥散;肝病
Journal Article,2003,唐明增;田广俊;王新华;张奉学,303益肝胶囊抗小鼠免疫性肝损伤的实验研究,中国中医药科技,1005-7072,中文,CNKI,自身免疫性肝炎;小鼠;303益肝胶囊
Journal Article,2017,朱春雾;袁继丽;刘成海,原发性硬化性胆管炎合并皮肌炎1例报告,临床肝胆病杂志,1001-5256,中文,CNKI,"胆管炎,硬化性;皮肌炎"
Journal Article,1993,张曾譻,中药治疗原发性硬化性胆管炎初探,中医杂志,1001-1668,中文,CNKI,胆管炎
Journal Article,2020,朱步坤;李刚;张玮,中西医药治疗自身免疫性肝病研究进展,实用肝脏病杂志,1672-5069,中文,CNKI,自身免疫性肝炎;原发性硬化性胆管炎;治疗;原发性胆汁性肝硬化
Journal Article,2019,郑永齐; 李秀惠,黄芩汤治疗肝癌的现代化研究实践,中西医结合肝病杂志,,中文,CNKI,自身免疫性肝病;中西医结合治疗;原发性肝癌;肝癌患者;黄芩汤;经导管动脉化疗栓塞术;中药现代化
Journal Article,2020,石莉杰; 李雪微; 李艳英; 沙敏; 诸慧怡; 何进; 黄天生,肠道菌群在自身免疫性肝病中的治疗进展,中医学,,中文,CNKI,自身免疫性肝病;肠道菌群;现代医学;祖国医学
Journal Article,2019,肖倩; 谭善忠; 赵天慧; 孙薇薇; 沈建军; 梁重峰; 蒋淑莲,抗核抗体及肝组织病理对男性自身免疫性肝病患者的诊断意义分析,临床肝胆病杂志,,中文,CNKI,肝疾病;自身抗体;横断面研究;病理状态
Journal Article,2013,李正富; 王新昌; 范永升,范永升教授治疗自身免疫性肝病经验探析,浙江中医药大学学报,,中文,CNKI,自身免疫性肝病;范永升;临床经验
Journal Article,2012,李娜; 杨华升,自身免疫性肝病与血瘀证、流产的相关性研究,山东中医药大学学报,,中文,CNKI,自身免疫性肝病;相关性;血瘀证;流产史;女性患者
Journal Article,2011,赵友林,自身免疫性肝病血清生化指标及各种自身抗体检测的临床应用,中国误诊学杂志,,中文,CNKI,"自身抗体;肝炎/免疫学;肝硬化,胆汁性/免疫学;自身免疫疾病/免疫学"
Journal Article,2017,黄大伟; 朱茂龙; 陆定波; 叶春生,活血化瘀方药在慢性肝病治疗中的合理运用,中西医结合肝病杂志,,中文,CNKI,自身免疫性肝病;治疗;脂肪性肝病;慢性肝病;慢性病毒性肝炎;活血化瘀方药;临床辨证论治
Journal Article,2014,申弘; 聂红明; 叶青艳; 陈建杰,免疫性肝损伤动物模型研究进展,肝脏,,中文,CNKI,自身免疫性肝病;免疫性肝损伤;药物性肝损害;非酒精性脂肪性肝病;肝脏疾病;免疫病理机制;免疫应答反应;实验性动物模型
Journal Article,2013,曹春辉; 潘玲; 冯广帅; 冯全生,经方治疗肝纤维化研究进展,实用中医药杂志,,中文,CNKI,自身免疫性肝病;肝纤维化;治疗;药物性肝损伤;经方;化学本质;慢性肝脏疾病;细胞外基质
Journal Article,2007,黄丽雯; 程良斌,中药以肝星状细胞为靶点的抗肝纤维化研究进展,中西医结合肝病杂志,,中文,CNKI,自身免疫性肝病;中药;靶点;肝星状细胞;细胞外基质;代谢失衡;抗肝纤维化
Journal Article,2016,郑佳,探究自身免疫性肝病和病毒性肝炎患者血清中抗肝抗体检测的临床效果,世界中医药,,中文,CNKI,病毒性肝炎;自身免疫;检测效果;抗肝抗体;血清
Journal Article,2011,崔阳; 张晓; 石韫珍; 罗日强; 张明辉; 庄恒国,甘草甜素治疗自身免疫性肝病肝纤维化的效果观察,广东医学院学报,,中文,CNKI,肝纤维化;原发性胆汁性肝硬化;甘草甜素
Journal Article,2019,曹亦楠; 周桂琴; 王宪波; 李斌; 冯颖; 胡超群,自身免疫性肝炎发病机制的研究现状,临床肝胆病杂志,,中文,CNKI,肝移植;化学性与药物性肝损伤;环境因素诱发疾病;疾病遗传易感性;免疫因子类;自身免疫性肝炎
Journal Article,2007,施维群,慢性肝病的几个热点问题和应对策略,浙江中西医结合杂志,,中文,CNKI,自身免疫性肝病;慢性肝病;病理诊断;肝病患者;肝功能轻度异常;血色素沉着症;药物性肝病;WILSON病
Journal Article,2016,张丽平,肝抗原自身抗体检测对自身免疫性肝病的诊断价值,世界中医药,,中文,CNKI,自身免疫性肝病;自身免疫性肝炎;重叠综合征;原发性胆汁性肝硬化;肝抗原自身抗体
Journal Article,2016,李志伟,中西医结合疗法对于治疗自身免疫性肝病的疗效分析,内蒙古中医药,,中文,CNKI,自身免疫性肝病;肝功能;中西医结合疗法
Journal Article,2015,陆俊忠; 李怀祥; 张迎梅; 王霞; 杨玉芹,自身免疫性肝病谱线性与抗核抗体及谱线在肝病中检测结果分析,环球中医药,,中文,CNKI,肝炎自身免疫性抗核抗体抗核抗体谱
Journal Article,2014,廖慧钰; 李艳丽; 闫惠平; 张贺秋; 夏晴; 赵艳; 张海萍,抗延胡索酸水合酶抗体间接酶联免疫吸附试验法的建立及其对自身免疫性肝炎的诊断价值,中华风湿病学杂志,,中文,CNKI,"肝炎,自身免疫性;酶联免疫吸附测定;延胡索酸水合酶"
Journal Article,2016,赵志敏; 刘成海,中医药治疗肝纤维化研究进展,实用肝脏病杂志,,中文,CNKI,肝纤维化;治疗
Journal Article,2014,李海元; 林寿宁; 张宁,中医药抗肝纤维化分子机制研究进展,湖南中医杂志,,中文,CNKI,肝纤维化;分子机制
Journal Article,2009,谢晶日; 那坤; 李明; 刘朝霞,中医药治疗肝纤维化临床研究进展,中国中医急症,,中文,CNKI,临床研究;肝纤维化
Journal Article,2011,苏春芝; 董红红; 钟锐,原发性胆汁性肝硬化的中医治疗,中国中医药咨讯,,中文,CNKI,原发性胆汁性肝硬化;化浊解毒调肝法
Journal Article,2020,叶倩男; 徐列明; 平键,红景天苷保肝作用及相关机制的研究进展,上海中医药大学学报,,中文,CNKI,作用机制;保肝;红景天苷
Journal Article,2019,吕艺; 文鸣; 邵冬珊,邵冬珊从肝论治慢性肝病经验,湖北中医杂志,,中文,CNKI,慢性肝病;邵冬珊;辛散甘缓
Journal Article,2019,李梦梦; 张先姚; 王姣; 侯勇; 张国梁,张国梁主任医师辨治肝硬化合并腹水经验总结,广西中医药大学学报,,中文,CNKI,肝硬化;经验总结;腹水;张国梁
Journal Article,2019,黄祎; 杨浦娟; 胡文艳; 李梅; 扈晓宇,当今名中医论治原发性胆汁性胆管炎思路解析,中西医结合肝病杂志,,中文,CNKI,原发性胆汁性胆管炎;经验
Journal Article,2019,沈健豪; 邵建国(综述); 卞兆连(审校),胆管上皮细胞在原发性胆汁性胆管炎中的免疫调节作用,重庆医学,,中文,CNKI,原发性胆汁性胆管炎;胆管上皮细胞;抗原提呈细胞;TOLL样受体
Journal Article,2019,杨柳(综述); 徐丽红(审校),肠道菌群与原发性胆汁性胆管炎的研究进展,医学研究生学报,,中文,CNKI,原发性胆汁性胆管炎;肠道菌群失调;肠道微生物群;菌群移植
Journal Article,2019,陈旭东; 陈佳; 金炜; 姚震; 胡晓波,血清胆汁酸对不同病因所致肝硬化的诊断价值,肝脏,,中文,CNKI,肝硬化;相关性分析;胆汁酸
Journal Article,2018,施梅姐; 蒋俊民; 萧焕明; 谢玉宝; 曹敏玲; 池晓玲,督灸在慢性肝病中的临床应用,新中医,,中文,CNKI,临床应用;慢性肝病;督灸
Journal Article,2018,刘杜先; 刘兰侠; 杨永峰,淤胆型肝损伤的临床与病理,临床肝胆病杂志,,中文,CNKI,胆汁淤积;肝疾病;病理学;疾病特征
Journal Article,2015,万凌峰;高月求,高月求教授治疗慢性肝病方药撷菁,四川中医,1000-3649,中文,CNKI,名医经验;肝病;高月求
Journal Article,2014,邵冬珊;全宇春;蒋满红;姚欣,辨治慢性肝病验案二则,中医药通报,1671-2749,中文,CNKI,胁痛;验案;肝病
Journal Article,2013,王会丽;崔伟锋;杨小平,臌胀片联合熊去氧胆酸治疗原发性胆汁性肝硬化临床观察,中国中医药信息杂志,1005-5304,中文,CNKI,中西医结合疗法;原发性胆汁性肝硬化;熊去氧胆酸;臌胀片
Journal Article,2011,华忠;李燚光;薛博瑜,金实教授应用龙柴方辨治肝炎肝纤维化经验,现代中西医结合杂志,1008-8849,中文,CNKI,病机;肝纤维化;肝炎;金实;病因;龙柴方
Journal Article,2011,马洪第;卢芳汀;陶艳艳;M.Eric Gershwin;廉哲雄,中药免疫调节作用的研究进展,临床肝胆病杂志,1001-5256,中文,CNKI,"中草药;佐剂,免疫"
Journal Article,2010,蒋式骊;胡旭东;刘平,冬虫夏草及其人工制剂免疫抑制作用的研究进展,上海中医药大学学报,1008-861X,中文,CNKI,免疫抑制;虫草菌丝;冬虫夏草;抗移植排斥反应
Journal Article,2018,白钰,陈永灿治疗慢性肝病临证治法举要,中华中医药杂志,1673-1727,中文,CNKI,医案;临床经验;慢性肝病;陈永灿
Journal Article,2004,任燕;杨业金;汪少娟;何为;韩玲;王辉丽,雷公藤多苷对小鼠腹腔激活巨噬细胞杀伤活性和NO分泌影响的实验研究,中医药学刊,1009-5276,中文,CNKI,巨噬细胞;雷公藤多苷;杀伤活性;子宫内膜异位症
Journal Article,2019,朱吉;王磊;陈戈;马恰怡,健脾调肝方联合激素治疗自身免疫性肝炎的疗效及对肝功能的影响,世界中医药,1673-7202,中文,CNKI,疗效;自身免疫性肝炎;肝功能;免疫球蛋白;健脾调肝方
Journal Article,2018,郑明武;邹鲁;陈玉如;陈日钗,中药联合甘利欣、优思弗治疗自身免疫性肝炎的效果观察,中国中医药科技,1005-7072,中文,CNKI,自身免疫性肝炎;中药;治疗;甘利欣;肝功能衰竭;炎症性疾病;肝功能失代偿;优思弗
Journal Article,2015,邓拥军;肖明中;李晓东;乐凤华;倪维,194例自身免疫性肝炎患者的临床特征分析,临床肝胆病杂志,1001-5256,中文,CNKI,"自身抗体;肝炎,自身免疫性;病理学,临床;临床化学试验"
Journal Article,2015,邓拥军;张喜荣;肖明中;李晓东;李勍,抗纤维肌动蛋白抗体阴性的自身免疫性肝炎Ⅰ型患者临床特征分析,肝脏,1008-1704,中文,CNKI,肝炎;自身免疫性;抗纤维肌动蛋白抗体;阴性;I型
Journal Article,2008,介世杰;张珍先,逍遥散加减治疗自身免疫性肝炎,中国中医药现代远程教育,1672-2779,中文,CNKI,自身免疫性肝炎;逍遥散;基本方;加减治疗;适应病症
Journal Article,2017,张晓梅,熊去氧胆酸单药治疗原发性胆汁性肝硬化肝炎重叠综合征的临床研究,现代消化及介入诊疗,1672-2159,中文,CNKI,自身免疫性肝炎;重叠综合征;原发性胆汁性肝硬化;熊去氧胆酸
Journal Article,2012,朱春杨,疏肝抑免方结合常规疗法治疗免疫性肝炎31例,上海中医药杂志,1007-1334,中文,CNKI,自身免疫性肝炎;肝功能;免疫球蛋白;疏肝抑免方
Journal Article,2013,刘文霞,自身免疫性肝炎28临床分析,内蒙古中医药,1006-0979,中文,CNKI,自身免疫性肝炎;免疫性疾病;临床表现
Journal Article,2010,肖袁柳;傅萍（指导）,中药治疗自身免疫性肝炎1例报道,中国中医药咨讯,1817-2016,中文,CNKI,自身免疫性肝炎;中药治疗
Journal Article,2020,房莹莹;李阳光;闫晓明,柴芩退黄颗粒治疗湿热型肝细胞性黄疸的疗效观察,中国中医药科技,1005-7072,中文,CNKI,自身免疫性肝病;肝细胞性黄疸;辨证论治方法;布加综合征;常见病因;肉芽肿病;湿热型;血管性疾病
Journal Article,2016,赵志敏;刘成海,中医药治疗肝纤维化研究进展,实用肝脏病杂志,1672-5069,中文,CNKI,肝纤维化;治疗
Journal Article,2002,朱光泽;刘铁梅;张秀华,逍遥散防治肝纤维化的实验研究,吉林中医药,1003-5699,中文,CNKI,肝纤维化;实验研究;逍遥散;防治
Journal Article,2002,梁苹茂;张国霞,中医辨治范科尼综合征体会,中医杂志,1001-1668,中文,CNKI,范科尼综合征;肾小管功能缺陷;先天性遗传病
Journal Article,1999,黄骏,秦艽丸加味治疗狼疮性肝炎,中医杂志,1001-1668,中文,CNKI,肝炎;狼疮性;秦艽丸;狼疮性肝炎
Journal Article,2020,贺程程;范江勇,四磨汤联合益君康治疗肝硬化腹胀患者临床疗效观察,湖北中医杂志,1000-0704,中文,CNKI,肝硬化;四磨汤;腹胀;益君康;益生菌
Journal Article,2019,董慧琳;聂红明;赵彬彬;姜煜资;陈建杰;王灵台,络病学说指导下的化瘀通络法治疗肝纤维化的研究进展,中西医结合肝病杂志,1005-0264,中文,CNKI,肝纤维化;化瘀通络;络病学说
Journal Article,2016,崔莹;张永,尹常健治疗瘀胆型肝炎经验,中医药临床杂志,1672-7134,中文,CNKI,名医经验;尹常健;瘀胆型肝炎
Journal Article,2019,张春涛,中医药调治自身免疫性肝病有良效,家庭医药：就医选药,1671-4954,中文,CNKI,自身免疫性肝病;原发性胆汁性胆管炎;自身免疫性肝炎;原发性硬化性胆管炎;重叠综合征;慢性肝病;免疫功能紊乱;特殊类型
Journal Article,2003,寇建仁;林小平;林宣雄,金匮肾气丸复方治验,中医文献杂志,1006-4737,中文,CNKI,自身免疫性肝炎;川崎病;金匮肾气丸
Journal Article,2018,金沛桦;施军平,自身免疫性肝炎患者肝脂肪变的发生率及危险因素,中国现代医生,1673-9701,中文,CNKI,自身免疫性肝炎;肝脂肪变;发生率;危险因素
Journal Article,2016,吕靖;邢枫;袁继丽;刘成海,丙型肝炎抗体阳性的自身免疫性肝炎1例报告,临床肝胆病杂志,1001-5256,中文,CNKI,"肝炎,自身免疫性;肝炎抗体,丙型"
Journal Article,2016,江智龙;李萍;王俊岭;杨秋辉;刘勇钢;石瑞芳;宓余强,药物性肝损伤与自身免疫性肝炎患者的血清学和病理学特征分析,中华肝脏病杂志,1007-3418,中文,CNKI,"药物性肝损伤;肝炎,自身免疫性;病理状态,体征和症状;组织学"
Journal Article,2011,赵景峰;崔丽安;施伯安;邵风珍,滋肾柔肝方配合常规西药治疗自身免疫性肝炎48例临床观察,河北中医,1002-2619,中文,CNKI,中西医结合疗法;肝炎;自身免疫性
Journal Article,2010,傅晓晴;杨益大;包剑锋,自身免疫性肝炎与病毒性肝炎的临床病理特点对照研究,国际流行病学传染病学杂志,1673-4149,中文,CNKI,病毒性肝炎;肝炎;自身免疫性;免疫球蛋白
Journal Article,2009,宋洪泉,尹常健治疗自身免疫性肝炎经验举隅,中国医学创新,1674-4985,中文,CNKI,自身免疫性肝炎;名医经验;尹常健;胆石症
Journal Article,2009,刘慧,中西医结合治疗药物诱导自身免疫性肝炎11例,实用中医内科杂志,1671-7813,中文,CNKI,自身免疫性肝炎;中西医结合;治疗;药物
Journal Article,2009,张玮;刘一博;王俐琼;邢练军;王奕,调免Ⅰ号联合熊去氧胆酸胶囊治疗自身免疫性肝炎的临床观察,中西医结合肝病杂志,1005-0264,中文,CNKI,自身免疫性肝炎;血瘀;调免Ⅰ号/治疗应用;肝肾不足;熊去氧胆酸胶囊/治疗应用
Journal Article,2003,季业伟;田生望,自身免疫性肝炎的研究进展,成都医药,1671-6051,中文,CNKI,诊断;自身免疫性肝炎;自身抗体;组织学;临床分型
Journal Article,2015,李方仁;卢秉久,卢秉久临床应用柴胡疏肝散验案举隅,湖南中医杂志,1003-7705,中文,CNKI,自身免疫性肝炎;柴胡疏肝散;验案举隅;常中有变;风湿免疫;肝胆病;临证用药;王文彦;胁肋;验案举例
Journal Article,2008,邹爱英;刘秀书,雷公藤多苷片的不良反应及防治对策,天津药学,1006-5687,中文,CNKI,自身免疫性肝炎;系统性红斑狼疮;类风湿性关节炎;不良反应;防治;风湿热瘀;雷公藤多苷片;自身免疫性疾
Journal Article,2001,黄玲;宋红;邝枣园,免疫抑制中药偶联制剂防治自身免疫性疾病的假说,中药新药与临床药理,1003-9783,中文,CNKI,自身免疫性疾病;防治;免疫抑制中药
Journal Article,2016,赵长青;徐列明,扶正化瘀制剂抗肝纤维化和治疗慢性肝病的临床疗效,上海医药,1006-1533,中文,CNKI,肝纤维化;肝硬化;扶正化瘀胶囊/片剂;核苷(酸)类似物
Journal Article,2014,李松;崔丽安,小柴胡汤治疗内科杂病验案三则,黑龙江中医药,1000-9906,中文,CNKI,小柴胡汤;异病同治;内科杂病
Journal Article,2019,顾欢;丛庆伟;白长川;武春燕;朱英,从代谢组学角度探讨双重腹水超滤浓缩回输治疗肝肾阴虚型肝硬化腹水的机制,世界中医药,1673-7202,中文,CNKI,代谢组学;肝肾阴虚;肝硬化腹水;差异代谢物;超高效液相色谱-质谱;代谢通路;机制;双重腹水超滤浓缩回输
Journal Article,2010,李保良;王灵台,益气养阴解毒法配合熊去氧胆酸治疗原发性胆汁性肝硬化20例,中医临床研究,1674-7860,中文,CNKI,原发性胆汁性肝硬化;临床疗效;白花蛇舌草;熊去氧胆酸;治疗前后;肝硬化患者;解毒中药;益气养阴解毒法
Journal Article,2009,周兵;蔡光先;柏正平;曾松林;付曙华,柔肝健脾活血利胆法联合熊去氧胆酸治疗原发性胆汁性肝硬化疗效观察,中国中西医结合消化杂志,1671-038X,中文,CNKI,肝硬化;柔肝健脾活血利胆法;原发胆汁性
Journal Article,2008,贺敏;朱蕾蕾;蒋健,原发性胆汁性肝硬化患者随访3年实验室指标分析,中西医结合肝病杂志,1005-0264,中文,CNKI,原发性胆汁性肝硬化;熊去氧胆酸/治疗应用;实验室检查
Journal Article,2008,唐海鸿;陈英杰;童光东;周大桥;贺劲松;周小舟;郑颖俊,熊去氧胆酸联合通胆汤对原发性胆汁性肝硬化的治疗作用,世界华人消化杂志,1009-3079,中文,CNKI,中药;原发性胆汁性肝硬化;熊去氧胆酸;联合治疗
Journal Article,2003,蒋健;何淼,原发性胆汁性肝硬化的临床特征及中西医结合治疗探讨,中西医结合学报,1672-1977,中文,CNKI,中西医结合治疗;原发性胆汁性肝硬化;临床特征;软坚散;消黄散;止痒方
Journal Article,2018,刘进国;王暴魁,复方鳖甲软肝片联合丁二磺酸腺苷蛋氨酸和熊去氧胆酸治疗PBC患者疗效及其对血清肝纤维化指标的影响,实用肝脏病杂志,1672-5069,中文,CNKI,治疗;原发性胆汁性肝硬化;熊去氧胆酸;复方鳖甲软肝片;丁二磺酸腺苷蛋氨酸
Journal Article,2010,王丹;刘文金,中西医结合治疗原发性胆汁性肝硬化1例,山西中医,1000-7156,中文,CNKI,验案;中西医结合疗法;原发性胆汁性肝硬化
Journal Article,2020,李明津;孙建光,原发性胆汁性胆管炎疲劳机制研究进展,中西医结合肝病杂志,1005-0264,中文,CNKI,原发性胆汁性胆管炎;机制探讨;疲劳
Journal Article,2020,陈桂荣;董青阳;周浩,疏肝健脾汤治疗原发性胆汁性肝硬化肝郁脾虚证45例,环球中医药,1674-1749,中文,CNKI,肝功能;肝郁脾虚证;疏肝健脾汤;肝纤维化;原发性胆汁性肝硬化
Journal Article,2020,郑朝恩;顾佳;罗娇;田应波,白芍总甙联合熊去氧胆酸治疗原发性胆汁性肝硬化临床观察,实用中医药杂志,1004-2814,中文,CNKI,原发性胆汁性肝硬化;熊去氧胆酸;白芍总甙
Journal Article,2020,董利锋,清营活血汤联合熊去氧胆酸治疗原发性胆汁性肝硬化肝胆湿热型临床观察,实用中医药杂志,1004-2814,中文,CNKI,原发性胆汁性肝硬化;肝胆湿热型;清营活血汤;熊去氧胆酸
Journal Article,2020,李昕,补气活血汤联合熊去氧胆酸治疗原发性胆汁性肝硬化对肝功能及肝纤维化指标的影响,实用中医药杂志,1004-2814,中文,CNKI,肝功能;肝纤维化指标;原发性胆汁性肝硬化;熊去氧胆酸;补气活血汤
Journal Article,2019,徐黎;郑玥琪;时桢;陈逸云;邵慧江;陈建杰,原发性胆汁性胆管炎预后的影响因素,临床肝胆病杂志,1001-5256,中文,CNKI,原发性胆汁性胆管炎;预后;影响因素分析
Journal Article,2018,范兴良;戴瑶瑶;高勤;张冀豫;祝峻峰,论“阴常不足”与原发性胆汁性胆管炎,中国中医基础医学杂志,1006-3250,中文,CNKI,原发性胆汁性胆管炎;病机;阴常不足
Journal Article,2018,汤伯宗;杨宗国;陆云飞;陈晓蓉;徐庆年,补虚软肝方对熊去氧胆酸应答不佳的原发性胆汁性肝硬化临床疗效观察,上海中医药杂志,1007-1334,中文,CNKI,原发性胆汁性肝硬化;熊去氧胆酸;补虚软肝方
Journal Article,2016,徐琼;张锋,疏肝利胆通络解毒方联合熊去氧胆酸治疗原发性胆汁性肝硬化的疗效分析,中国中医药科技,1005-7072,中文,CNKI,肝纤维化;自身免疫性疾病;肝内胆汁淤积;皮肤瘙痒;熊去氧胆酸;疏肝利胆;肝功能衰竭;胆汁淤积性疾病;肝内小胆管
Journal Article,2015,徐骅;杨莉;应海峰;杨婉花,中药联合熊去氧胆酸治疗原发性胆汁性肝硬化临床观察,中医药学报,1002-2392,中文,CNKI,胆汁性肝硬化;熊去氧胆酸;疏肝利胆活血化瘀方
Journal Article,2015,邱慧卿;饶立萍,安络化纤丸治疗原发性胆汁性肝硬化及对患者免疫学指标的影响,中华中医药学刊,1673-7717,中文,CNKI,原发性胆汁性肝硬化;安络化纤丸;甘草酸二铵葡萄糖注射液;熊去氧胆酸片
Journal Article,2015,郭晓霞;李良学;武玉鹏;刘改萍;冯玛莉,熊去氧胆酸胶囊对原发性胆汁性肝硬化小鼠肝组织的保护作用,胃肠病学和肝病学杂志,1006-5709,中文,CNKI,原发性胆汁性肝硬化;保护作用;聚肌胞苷酸;熊去氧胆酸;肝组织
Journal Article,2014,骆稚平,中西医结合治疗原发性胆汁性肝硬化的临床观察,内蒙古中医药,1006-0979,中文,CNKI,中西医结合;临床观察;原发性胆汁性肝硬化
Journal Article,2014,魏春山;唐海鸿;贺劲松;郑颖俊;周大桥;童光东,优化通胆汤联合熊去氧胆酸治疗原发性胆汁性肝硬化临床观察,上海中医药杂志,1007-1334,中文,CNKI,原发性胆汁性肝硬化;熊去氧胆酸;肝脏瞬时弹性成像硬度值;优化通胆汤
Journal Article,2014,廖永华,熊去氧胆酸联合通胆汤治疗原发性胆汁性肝硬化30例,中国中医药现代远程教育,1672-2779,中文,CNKI,中西医结合疗法;原发性胆汁性肝硬化;熊去氧胆酸;通胆汤
Journal Article,2013,张栋华,利胆和络汤结合常规疗法治疗原发性胆汁性肝硬化临床观察,上海中医药杂志,1007-1334,中文,CNKI,肝功能;原发性胆汁性肝硬化;利胆和络汤
Journal Article,2013,宣红萍;蒋雪定,健脾祛浊方联合熊去氧胆酸治疗原发性胆汁性肝硬化的临床研究,中华中医药学刊,1673-7717,中文,CNKI,原发性胆汁性肝硬化;熊去氧胆酸;健脾祛浊方
Journal Article,2012,贺俊萍,原发性胆汁性肝硬化治疗现状,中国中医药咨讯,1817-2016,中文,CNKI,糖皮质激素;治疗;原发性胆汁性肝硬化;熊去氧胆酸
Journal Article,2012,钟锐,化浊解毒调肝法联合熊去氧胆酸治疗原发性胆汁性肝硬化30例,世界中医药,1673-7202,中文,CNKI,肝功能;原发性胆汁性肝硬化;中药疗法;血脂
Journal Article,2011,吴绍从,常占杰教授中西医结合治疗原发性胆汁性肝硬化的经验,现代中医药,1672-0571,中文,CNKI,经验;中西医结合治疗;原发性胆汁性肝硬化;常占杰
Journal Article,2011,周双男;郭文忠,中西医结合治疗原发性胆汁性肝硬化30例,中国中医药现代远程教育,1672-2779,中文,CNKI,中西医结合疗法;原发性胆汁性肝硬化;熊去氧胆酸
Journal Article,2011,刘红虹;罗生强;宫嫚;孙永强;吴欣;张弢;张宁;窦貌梅;宋雪艾,原发性胆汁性肝硬化的中西医结合诊疗新进展,中国中医药现代远程教育,1672-2779,中文,CNKI,中西医结合疗法;原发性胆汁性肝硬化;研究进展
Journal Article,2010,李猛;李振前;邓治正,活血化瘀法联合熊去氧胆酸胶囊治疗原发性胆汁性肝硬化30例,江西中医药,0411-9584,中文,CNKI,中西医结合疗法;原发性胆汁性肝硬化;熊去氧胆酸胶囊;血府逐瘀汤
Journal Article,2016,张春梅;卢恒剑,茵芍二金汤加减治疗原发性胆汁性肝硬化疗效观分析,湖南中医药大学学报,1674-070X,中文,CNKI,原发性胆汁性肝硬化;茵芍二金汤;加减治疗;临床疗效_
Journal Article,2017,钟利国,滋阴柔肝法联合熊去氧胆酸治疗原发性胆汁性胆管炎临床研究,中医药信息,1002-2406,中文,CNKI,原发性胆汁性胆管炎;临床观察;熊去氧胆酸;滋阴柔肝
Journal Article,1996,郭文;陈德勇,中药熊胆制剂对慢性乙型肝炎血清透明质酸的影响,实用中医药杂志,1004-2814,中文,CNKI,乙型肝炎;血清;透明质酸;熊胆;制剂
Journal Article,2020,黄诚台;阮清发,肝硬化患者睡眠障碍的研究进展与中医治疗,世界睡眠医学杂志,2095-7130,中文,CNKI,失眠;肝硬化;轻微肝性脑病;睡眠障碍
Journal Article,2019,陆燕;金实(指导),金实对络病学说的认识及临床应用初探,国际中医中药杂志,1673-4246,中文,CNKI,名医经验;金实;络病学说;气络;水络;血络
Journal Article,2020,陈静;李娟梅;吕文良,中医药治疗原发性胆汁性胆管炎的研究进展,天津中医药大学学报,1673-9043,中文,CNKI,原发性胆汁性胆管炎;研究进展
Journal Article,2009,周兵;蔡光先;柏正平;曾松林;付曙华,柔肝健脾活血利胆汤治疗原发性胆汁性肝硬化17例总结,湖南中医杂志,1003-7705,中文,CNKI,原发性胆汁肝硬化;柔肝健脾活血利胆汤
Journal Article,2018,肖玲辉;扈晓宇,利胆养肝方联合熊去氧胆酸胶囊治疗原发性胆汁性肝硬化临床观察,北京中医药,1674-1307,中文,CNKI,临床观察;原发性胆汁性肝硬化;利胆养肝方
Journal Article,2017,王梓瑶;郭卉,中西医治疗原发性胆汁性肝硬化的研究进展,湖南中医杂志,1003-7705,中文,CNKI,原发性胆汁性肝硬化;中西医疗法
Journal Article,2016,郑涛;田耀洲;宣佶,原发性胆汁性肝硬化信号传导通路研究进展,辽宁中医药大学学报,1673-842X,中文,CNKI,发病机制;原发性胆汁性肝硬化;细胞因子;信号通路;药物研究
Journal Article,2016,潘凯;雷阳;赵强;陶艳艳;刘成海,熊去氧胆酸联合加味健脾补肾方治疗原发性胆汁性肝硬化的疗效观察,中国中医药科技,1005-7072,中文,CNKI,熊去氧胆酸;人类;@加味健脾补肾方;@原发性胆汁性肝硬化
Journal Article,2016,席奇;宋春荣;刘亚珠;李京涛;南然;李日向;常占杰,健脾活血方联合熊去氧胆酸胶囊治疗原发性胆汁性肝硬化的研究,现代中西医结合杂志,1008-8849,中文,CNKI,原发性胆汁性肝硬化;熊去氧胆酸胶囊;健脾活血方
Journal Article,2014,佘世锋;吴树铎;吴海滨;张铮铮;兰绍阳;曹敏,利胆化瘀汤联合熊去氧胆酸治疗原发性胆汁性肝硬化临床疗效观察,辽宁中医药大学学报,1673-842X,中文,CNKI,原发性胆汁性肝硬化;熊去氧胆酸;利胆化瘀汤
Journal Article,2014,徐莉英;高月求,原发性胆汁性肝硬化发病机制研究进展,医学信息：医学与计算机应用,1006-1959,中文,CNKI,免疫;原发性胆汁性肝硬化;自身抗体
Journal Article,2014,廖娇;杨帆;罗欣拉;林云崖;薛娟,益气活血利胆法联合熊去氧胆酸治疗原发性胆汁性肝硬化临床观察,湖北中医杂志,1000-0704,中文,CNKI,中西医结合疗法;原发性胆汁性肝硬化;熊去氧胆酸;益气活血利胆法
Journal Article,2014,张丽慧;张玮,原发性胆汁性肝硬化中西医病机探讨,中西医结合肝病杂志,1005-0264,中文,CNKI,免疫;原发性胆汁性肝硬化;补虚化瘀;气虚血瘀;雌激素
Journal Article,2014,赫伟丽;徐光福,利胆通络解毒方联合熊去氧胆酸治疗原发性胆汁性肝硬化,中国现代药物应用,1673-9523,中文,CNKI,原发性胆汁性肝硬化;熊去氧胆酸;利胆通络解毒方
Journal Article,2013,李再玲;徐光福,针药结合治疗原发性胆汁性肝硬化,长春中医药大学学报,2095-6258,中文,CNKI,"原发性胆汁性肝硬化;治疗应用;益气解毒通络方;穴,三阴交;穴,足三里;针灸疗法"
Journal Article,2013,叶小丹;朱肖鸿,中西医结合治疗肝郁脾虚型原发性胆汁性肝硬化患者的疗效观察,中医药学报,1002-2392,中文,CNKI,原发性胆汁性肝硬化;优思弗;加减当归芍药汤
Journal Article,2013,李之清;吴东,安络化纤丸联合熊去氧胆酸治疗原发性胆汁性肝硬化临床观察,中西医结合肝病杂志,1005-0264,中文,CNKI,中西医结合疗法;原发性胆汁性肝硬化;治疗应用;熊去氧胆酸;安络化纤丸
Journal Article,2012,杜慧慧;张玮,原发性胆汁性肝硬化发病机制,肝脏,1008-1704,中文,CNKI,肝纤维化;自身免疫性;发病机制;原发性胆汁性肝硬化;胆汁淤积;抗线粒体抗体;肝脏疾病;肝内胆管
Journal Article,2011,周兵;王文波;曾松林,中药联合熊去氧胆酸治疗原发性胆汁性肝硬化33例临床观察,中医药导报,1672-951X,中文,CNKI,胆汁性肝硬化;熊去氧胆酸;联合使用;柔肝健脾活血利水方
Journal Article,2021,王春景; 曹爽; 何惠昌; 刘光伟,刘光伟教授以补肾为主治疗自身免疫性肝炎经验,中西医结合肝病杂志,1005-0264,中文,CNKI,自身免疫性肝炎;肝络失养;刘光伟;肾阴亏虚;滋水涵木
Journal Article,2021,张露露; 余真君; 何宝泽,柚皮素对自身免疫性肝炎模型小鼠保护作用及TRAF6/JNK信号通路的影响,浙江中西医结合杂志,1005-4561,中文,CNKI,自身免疫性肝炎;小鼠;柚皮素;TRAF6/JNK信号通路
Journal Article,2021,李志杰; 段钟平; 吴桥; 刘霜; 陈煜; 王洪波,基于网络药理学和分子对接的苦黄颗粒治疗自身免疫性肝炎的机制研究,北京医学,0253-9713,中文,CNKI,自身免疫性肝炎;网络药理学;分子对接;苦黄颗粒;药物作用机制
Journal Article,2021,王大光; 邓琳琳; 薛红杰; 陈福来,自拟茵陈三草汤联合熊去氧胆酸胶囊治疗Ⅰ型自身免疫性肝炎27例临床研究,实用中医内科杂志,1671-7813,中文,CNKI,中西医结合;茵陈三草汤;I型自身免疫性肝炎;Yinchen Sancao Decoction(茵陈三草汤)
Journal Article,2021,高鹏; 周凤蕊; 刘俊华; 李广明,刺五加多糖对自身免疫性肝炎小鼠肝损伤的改善作用及机制研究,浙江中医药大学学报,1005-5509,中文,CNKI,自身免疫性肝炎;炎症因子;肝损伤;核因子-κB;病理变化;刺五加多糖;髓样分化因子88;Toll样受体4;核因子-ΚB;TOLL样受体4
Dissertation/Thesis,2021,高玮鞠; 孙丽霞,金实教授治疗自身免疫性肝炎的经验研究,,,中文,CNKI,自身免疫性肝炎;数据挖掘;金实教授;病案
Dissertation/Thesis,2021,田海霞; 樊卫平,夏枯草改善自身免疫性肝炎小鼠肝损伤及机制的研究,,,中文,CNKI,自身免疫性肝炎(AIH);凋亡;夏枯草;炎症因子;Treg细胞
Dissertation/Thesis,2021,黄正慧; 刘汶,PBC和AIH中医证型分布规律及基于数据挖掘的用药规律研究,,,中文,CNKI,原发性胆汁性胆管炎;自身免疫性肝炎;文献研究;数据挖掘;用药规律;辨证
Journal Article,2021,朱晓骏; 张鑫; 陈博武; 凌晓瑜; 郑超; 孙学华; 高月求,高月求教授从肾论治自身免疫性肝炎的经验,中西医结合肝病杂志,1005-0264,中文,CNKI,自身免疫性肝炎;高月求;从肾论治
Journal Article,2021,刘朋洋; 孔庆辉,茵陈五苓散加减治疗原发性硬化性胆管炎1例,中西医结合肝病杂志,1005-0264,中文,CNKI,原发性硬化性胆管炎;中西医结合;茵陈五苓散
Dissertation/Thesis,2021,司亚玲; 陈四清,陈四清治疗原发性胆汁性肝硬化的经验挖掘与数据分析研究,,,中文,CNKI,数据挖掘;医案;网络药理学;原发性胆汁性肝硬化;陈四清
Journal Article,2021,幸鹭; 刘成海,病证结合诊治自身免疫性肝病,中西医结合肝病杂志,,中文,CNKI,自身免疫性肝病;中西医结合;证候;病下分证;诊治
Journal Article,2021,魏瑞兰; 李京涛; 刘永刚; 海梁; 闫曙光; 吴杰; 常占杰,常占杰教授运用“肝脾同治”法诊治慢性肝病经验,中西医结合肝病杂志,,中文,CNKI,肝脾同治;常占杰
